-- phpMyAdmin SQL Dump
-- version 5.2.1
-- https://www.phpmyadmin.net/
--
-- Host: 127.0.0.1
-- Tempo de geração: 05/04/2025 às 15:54
-- Versão do servidor: 10.4.32-MariaDB
-- Versão do PHP: 8.0.30

SET SQL_MODE = "NO_AUTO_VALUE_ON_ZERO";
START TRANSACTION;
SET time_zone = "+00:00";


/*!40101 SET @OLD_CHARACTER_SET_CLIENT=@@CHARACTER_SET_CLIENT */;
/*!40101 SET @OLD_CHARACTER_SET_RESULTS=@@CHARACTER_SET_RESULTS */;
/*!40101 SET @OLD_COLLATION_CONNECTION=@@COLLATION_CONNECTION */;
/*!40101 SET NAMES utf8mb4 */;

--
-- Banco de dados: `critmeet`
--

-- --------------------------------------------------------

--
-- Estrutura para tabela `chats`
--

CREATE TABLE `chats` (
  `id` int(11) NOT NULL,
  `is_group` tinyint(1) NOT NULL DEFAULT 0,
  `created_at` timestamp NOT NULL DEFAULT current_timestamp(),
  `name` varchar(255) DEFAULT NULL,
  `creator_id` int(11) NOT NULL
) ENGINE=InnoDB DEFAULT CHARSET=utf8mb4 COLLATE=utf8mb4_general_ci;

--
-- Despejando dados para a tabela `chats`
--

INSERT INTO `chats` (`id`, `is_group`, `created_at`, `name`, `creator_id`) VALUES
(8, 0, '2024-12-02 23:37:36', NULL, 0),
(9, 1, '2024-12-04 05:22:19', 'Neméria', 1),
(10, 1, '2024-12-04 05:30:52', 'sadaf', 1),
(11, 1, '2024-12-04 05:30:55', 'sadaf', 1),
(12, 1, '2024-12-04 05:38:46', 'asdfas', 1),
(13, 1, '2024-12-04 05:38:49', 'asdfas', 1),
(15, 1, '2024-12-04 06:08:21', 'Legend of Neméria', 2),
(16, 1, '2024-12-04 07:50:51', 'Gueis', 3),
(17, 0, '2024-12-04 07:57:15', NULL, 0);

-- --------------------------------------------------------

--
-- Estrutura para tabela `chat_members`
--

CREATE TABLE `chat_members` (
  `id` int(11) NOT NULL,
  `chat_id` int(11) NOT NULL,
  `user_id` int(11) NOT NULL,
  `role` enum('member','admin') DEFAULT 'member'
) ENGINE=InnoDB DEFAULT CHARSET=utf8mb4 COLLATE=utf8mb4_general_ci;

--
-- Despejando dados para a tabela `chat_members`
--

INSERT INTO `chat_members` (`id`, `chat_id`, `user_id`, `role`) VALUES
(15, 8, 1, 'member'),
(16, 8, 2, 'member'),
(17, 9, 1, 'member'),
(18, 10, 1, 'admin'),
(19, 11, 1, 'admin'),
(20, 12, 1, 'admin'),
(21, 13, 1, 'admin'),
(22, 9, 1, 'member'),
(26, 9, 2, 'member'),
(28, 15, 2, 'admin'),
(29, 15, 1, 'member'),
(30, 16, 3, 'admin'),
(31, 17, 3, 'member'),
(32, 17, 1, 'member');

-- --------------------------------------------------------

--
-- Estrutura para tabela `friends`
--

CREATE TABLE `friends` (
  `id` int(11) NOT NULL,
  `user_id` int(11) NOT NULL,
  `friend_id` int(11) NOT NULL,
  `status` enum('pending','accepted') DEFAULT 'pending',
  `created_at` timestamp NOT NULL DEFAULT current_timestamp()
) ENGINE=InnoDB DEFAULT CHARSET=utf8mb4 COLLATE=utf8mb4_general_ci;

--
-- Despejando dados para a tabela `friends`
--

INSERT INTO `friends` (`id`, `user_id`, `friend_id`, `status`, `created_at`) VALUES
(4, 2, 1, 'accepted', '2024-12-02 21:55:36'),
(5, 3, 2, 'pending', '2024-12-04 07:51:15'),
(6, 1, 3, 'accepted', '2024-12-04 07:52:44');

-- --------------------------------------------------------

--
-- Estrutura para tabela `messages`
--

CREATE TABLE `messages` (
  `id` int(11) NOT NULL,
  `chat_id` int(11) NOT NULL,
  `sender_id` int(11) NOT NULL,
  `content` text NOT NULL,
  `timestamp` timestamp NOT NULL DEFAULT current_timestamp()
) ENGINE=InnoDB DEFAULT CHARSET=utf8mb4 COLLATE=utf8mb4_general_ci;

--
-- Despejando dados para a tabela `messages`
--

INSERT INTO `messages` (`id`, `chat_id`, `sender_id`, `content`, `timestamp`) VALUES
(42, 8, 1, 'a', '2024-12-02 23:37:42'),
(43, 8, 2, 'a', '2024-12-02 23:40:14'),
(44, 8, 2, 'd', '2024-12-03 00:00:54'),
(45, 8, 2, 'h', '2024-12-03 00:11:01'),
(46, 8, 2, 'asd', '2024-12-03 00:17:50'),
(47, 8, 1, 'ad', '2024-12-03 00:17:57'),
(48, 8, 1, 'a', '2024-12-04 04:46:05'),
(49, 9, 1, 'adf', '2024-12-04 05:22:23'),
(50, 9, 2, 's', '2024-12-04 06:02:22'),
(51, 16, 3, 'Deeeeeez', '2024-12-04 07:51:01'),
(52, 17, 3, 'AOBA', '2024-12-04 07:57:22'),
(53, 17, 1, 'Guei', '2024-12-04 07:57:54'),
(54, 17, 1, 'Tudo fodendo', '2024-12-04 07:58:05');

-- --------------------------------------------------------

--
-- Estrutura para tabela `users`
--

CREATE TABLE `users` (
  `id` int(11) NOT NULL,
  `username` varchar(255) NOT NULL,
  `name` varchar(255) NOT NULL,
  `gender` varchar(50) NOT NULL,
  `pronouns` varchar(50) DEFAULT NULL,
  `email` varchar(255) NOT NULL,
  `password` varchar(255) NOT NULL,
  `admin` tinyint(1) DEFAULT 0,
  `preferences` varchar(255) DEFAULT NULL,
  `image` text DEFAULT 'iVBORw0KGgoAAAANSUhEUgAAAfQAAAH0CAMAAAD8CC+4AAAAh1BMVEU5bd5znu9ShueMtv9jku+EqvdCeeecw/9aju9Cded7pvdahu+Msvc5ceeUvv9rmu9SgudznveMrv9Sfeely/85cd5aiueUuv9rlu+ErvdKfeelx/9aiu9zovdahueUtv9rku9Keeelw/9jju+EpveMsv9Cceecvv9zmu9Ccd6Mrvdjiu97ovdVcBQeAABAGUlEQVR42u19C3fayNKt8ElgTRY34ay4sN06yzP2TBYpf/P/f99FIKnr2RIPCQm3NZMEjMFQvXtX7Xp08b7K12e7ivwZfL6ryJ9BRnq+7vs6/FfUf+crIz1fmdPzlZGer8zp+cpIz1fm9HxlpOcrc3q+MtLzlTk9Xxnp+cqcnq+M9HxlTs9XRnq+MqdnpOcrc3q+MtLzlTk9Xxnp+cqcnq+M9HxlTs9XRnq+MqfnKyM9X5nT85WRnq/M6fnKSM9X5vR8ZaRnTs+fQUZ6vjKn5ysjPV+Z0/OVkZ6vzOn5ykjPV+b0fGWk5ytzer4y0vOVOT1fGen5ypyer4z0fGVOz1dGeub0fGWk5ytzer4y0vOVOT1fGen5ypyer4z0fGVOz1dGer4yp+crIz1fmdPzlZGer8zp+cpIz5yeOT0jPV+Z0/OVkZ6vzOn5ykjPV+b0fGWk5ytzer4y0vOVOT1fGen5ypyer4z0fGVOz1dGer4yp+crIz1zer4y0vOVOT1fGen5ypyer4z0fGVOz1dGer4yp+crI31YNiurq/p6bK/D1+EbmdPv79qbdve0/vV18fy/h/CGAFj8P1y+hYft8+Lrx3+edtUjPol3c/9IP6L7z38W29e9sQsE3H/9sb9wiccvKPDt5+vfv789rcpPgfm75/Ry9bT+7xbp17Iy9xtW/y8r+8evt+1/13vLZ6TPe09f/7P9CUc719fR4M3N43/trT3sf/61+HXc6jOnzxHjfz5vIrqr/9+wMXnz1/G+aP4j4Dc/fjUfUUb6jNZz+ev3BpBAmtm6+uutvfWGyEBffW0qvGdOn9Ouvvq6fUNssdwaszZvOCI6xF2gYfgluf369U69urtE+q/fRx99Gf97a4wcalsH6683bHf7yvIF/v51Z3a/T04vy/9sA7b7erOPt6au/x1A271B/Vuz0e/durcv6/2+kZE+aSZfrTfR4vW+TtCNELiR6V/HbyyJ43f49+be0H5fnF6Wv7ZIvbFGfmnMHtrbFdAhAn7/dyDbwTJu89XX9s/7svr9IL0Kyv+uA7MjxtvNO1QAj2iurE3s3/4JQdJAY3vcPt0J2u+M08un39FXx+i5cXCTW7X1m3truAcC97cmgN//sXi6H7TfC9L3QVqIO/uy3dFDe7VIhxb6eNzjoTF/C/dAlku9iDB8zZw+MZv/uYVWZ2n3aHCB3tgbyeOO/E6Rj3UYcPTnoaL2jPTp2HwRWnkFCa4bYEO8AxqsH24CC9sC+VdD9aGV6ve3/jt7Tf5+OP3P16INsAJx14MAOuN4Fac3WwFEg0P7jEfOKF7/cw/MPn+kl+W30CZTAnHXoUZyw+G1CaF24KGBOkQmb76NEPf++o/GP/x2B1afPaeXT1+QSuaRoEOLVQJtg9XrDR2Itx/39iaAb3Pw+OVp9hU2c0d6+edDu/mK/ZpYOnrw5DaICL1dAs0t4FJdExps/jPj7Ns9cHr5T5scfaNgDsS2rfnBYnXACHTyF3XjgUvzGP6ZuVIzc6QvoEY5g/iRpwXUof0uUJ+eSLRBxOiB+/KhScIhLOZt9Vlz+uqZCOwR48AMLVncYPmGuFtqp3sEBXqj8uJzRvqNrt3/wdEGkbAJTxusDiarh0jpoQ3ctadHXmWJxf9mqsrOndN3r0DyaERsjamz4MXmLH5nfzfUz/U6EsHVfvzrbr47/FyRvg/VArbZtNDSeIR6fbuR3SKLQ8R5EItF7BNMy6MrqOL1t/nmW+fK6eWfG5o4R25FoJmWgEgcu4DtYjjYXwL+GJpTZ4CLeeHo0FWh23quVp8r0p9iyTLZiluoA93EmzC9EdtE6q2l9gBy66/va5+zfcRxj58h1ufM6RXOmwQqEnWVRlgsTmNLogV7kAk35fQhkWe5VzBjrM8R6atyF6LJqbMGJtR5Zo2G7UCWBThQRwZ1IghU6sA8ffg5cnr5tGlz5zVhK7sS6zJoiyidGletEKDBfPQNSMiOD08Z6SMhfdtmV0hK3GV1Hr1xPY6i24K6uIeqdkesb2emzc2W07e18BrrW6klSe7EEOTsGJ1QRFDOQOsugPi5SpUt/spIH4HPV/+2koyqZ7Ogzl0z5sgLRw8CV+1BxQWUP5oa+UXm9MGv8luL88C0cqW4WPlzF+jAtFaL5JVfEOrI7Z/ZVc7NDenl+q3pTKMFLz7Uxb4vqub4NlGbFhiy6Q2Q4t2hIXJO+fU5cnr59EqE9hD1Mia1ts52D6CD4edx6T3oajskTVBLfH2aGdZnhvTHbdu6QsAMaH5BMKANWnUHpd0A12yAb/OhJf9aLtjOLFqfGad/a4Q4ZkdmWoZUuh4cRrfXRayRdVz39q5qh59ZteSckH4gdDJTQGrsCueBVr9ajjzwGhv1fEHrc1ytr7f4t9nosTPk9NeoynB/W1B6jLqhG+jAwU2eheXl7fz7scUVXzPSh/LiDhVxSxo8k31XETvLnhkxunTd01AXLj8rsF1iMatofUacXv56w1jdHqRRFdYB2fJIiXGgk60sIwPBfBaSejlu8BnpV79e6eyYFn8gsCphyl00U3XvZnVQawJjIc5hKb7Ow+Iz4/TyX2i0OFBCiQV2toN3iXFSuZfCLbYpNkYnpFR2Rh78fJD+/Y3Ut5vutQB74OSuGJ3K6gbUI8fLMB1VGvcw4GY+ufX5cPozrZWJGW+GcNHZQpxwoKY1gC5VGzAKquofoVoORBUef7zPhdXngvRy3ZqcZcY4LDlog6x3svbsLlZnZVJBCPHsed7WmdOvzOgPsZOlLk0nHrqCe+N60xpmzuggsvCQqLSIeflgLZdQV8O/zmV/nwvS1yyfKtV3zssgoB5kQawumGQ/60E9hgqg9N7DvXPR5WbC6avX2MzChgtIZmbOeCyh4WkUWRHDI/UEqwd7uYQa7HPpepkH0suPtgEdeEGyhKWO1G3VnRXQeqwOktWpEMjD/uPv95I5/YrXhnetKXnVATuSWRKpPLpkdpSFOCDDAdReQlUcm5F+tbVZrqGdNBEwAXWwYu5gFL6wPDr0d+Dpfk6eE+povfiYhdXnwen/q9LWIfpZtIsc0WF0Xlnj5NFtsFusLjU+JdZWf/ydkX4tRl/XA+KAx8rC2QaHnAMqRa31wz2wp6HOQ7x2pGwVtk09Vp8Ppx/FODY+hI4ARXTcd0Q1QE7k0Y3oPh2r2957LJP8MYf9fQ5IX5FCdyszJlld7LtBFb4YeXT5tw11EFCPa6Bhdfw+A6vPgNPLb9BOHuB+telrcwwzJCby6H0UeHTCPTqmAv6ZQV596kiv/ti0de5o6mjBSLRBmwpts95+Hh16JNt40k0rcs1S2GROv8a1pkGSWeRuymq0hjV46TWwGV3WVAZODyCWCJ0iu5xB1DZtpB/++M0r3UFzd/BwjtbubBfMqFjfLaGR8R6EuMdXGdbM6Zcz+k747KjddFDdbEZlG3QAXTj+vnhr9FbE0ZJL3Ex/duz0vff1sQKWQg7SrM6ImXp6HXn0PrE6BIRgFU63gQJMen+fB6eXX1CKK5DGJA+30ZgVB54QF6wULBjaL18ppFJu/8eXMlJTRvpZ67IMTv48IlP1qSjdxGN0SELehLpKx7YvAHXjw1s59Zht6pxevrDBYYzTnT4GORc2gC6G8FX3YDQlS8cdTEZvY/UP6oZmpJ+xuy9qm1P4gUyouTl1DnCqoUIS7DbUQek6ZM3FxMBiwp7cLDh9d+xNhqTSLuvd+GRvr2BGa3hGIsUacGG67u0qW+KWfsQZ6SevydXTG6mHtOJnA5KnMjr0hjry4gtDBq6+fq4n7slNnNPLF3oYqmo3ALMDjc/5TsXoXWA3FHgmAClyCVWagBZIZqSf4cc9kzIpweqdUNf6KfZR3d3nhYBS6KXjZqGdOPWjnKzF58Dp5QbRkUKs2XEyfHcZHTpArp8XgpBpOdAb9B9usAL4jPRT12VpKuuhq6qtzbCdpLp3QV1gvD3gjZ3oWnlyMHFPbtqcXq5hyT9tNVREVcrRITGy+MGJxw09z8irG2zeLAaS4IGqgGbiXQ/TRno1KbBV28HV2m2nvqVb8JpaTonVwV8ryFPre6T/O9nJcjPg9NqPC/4MKHtYDKlW9BjdK6C1hH2zCQqsOL1+4MQr5SYep2/F7kn3UxRzXE2M2v3ovRmdpddMnIv5dEeob6cdE02a08unh2b2hDnW186IRTpOpNdSYHfypmylWWswQn3iMySnivSj0dfBGDYRQJvA2H9BHqvYN49us3rQl55Q15B6WGdOP/f3K9dxPCSK+XBq3o+aACQPUPXZ22N04gXymFGJvVyeW+7d98zpZ+G8EmFRN7CY7EyhDojy5FSP0ft9HUZO2LEeyMMBarO/TNqTmyynH/5bkAZlPptZVamjrphBDB2MDkmQMwfeXxMsYVt32U05uzpNpEdHboFqiFc8f0HnzaPDDc1cx05G74l09HAOfNJc/Uq/p4r0KXN6/deXdugIR7HxsSvVvUE6mzDTCWrrfmST5KwsmxghvsQvYvlmpPfE+R7pW3DPbVA7LC+aC+TsRH/CTD9HPrRuguW/x0lzhNe3U97dp8npzT/eH0wZDYzhkCjajIAj3WV0t2I+iHMiUv679BMDtHm2jPTTcF5Vwi5Z5rL+lzcVID5OVD30AXrKU+vM1TTbS4zxpmrxqXI6+SdS6Z1lyVVKjelr/EBkFKdpu3zuMLq/akD5kfXNt0nXzkwL6eJmuUSjTi0YoyeinwV8x40TJqET4s6gqSj1+AXTPGTcf015d58ep9Mb7/BmDIVANKphUbaccqQHTDa0WDPlWCCQ0naajmjiSgBOunZmSkjXdxjeOj8zUdoEojxPBoQG0/2CXuq7hLrF6vIcvwnXzkyR0/nuXkI9aUZ+vGDp7GpsJyI9zsluQ4fEHgBBjg/3yAGEu7mEMr2cM9LdD6a0oJkW3oUQHs9esNBtzo4WLxnkMAuneoZzQvE+4d19Wpyu7jjOmtE1Mlp5l6e3RPyZe4MxtMItnOFBoa3KiUW3xFX3ks5It+9e+lI4pDS6dn2AnA+vK+ZNrIPIp4CYUdhRwYVYTtTiU+N04y7EVNWa0+BCx0MimSSLbjRuOGYsMjCjQiHKAVkte1eu7LmsPzHSnbtLu5ccOivhpfcOIU3dtnNGtw0IVpmcNdfsWEYh3lPm9P52N11stOY9ohTReJxuj5VJToKWTxbSSXU+fnZT9l/anxPp7jfKrRFOg8qw2yZotXeVgIfO4FzH6QFBe5B0DjTdEhAfpmrxKXG6c/cW0RzbmthmufZOUi7gkXYg0/rdOL0jaSOA7h2unZHe/UGUzxrQ0FHtxrV3Gaf30eCMQEBLcub0g9BOk/tSTnh3nwanu9/4DctUOZzZUs4k81aR87T1rrw6EXoTsi3nfjxMILHfV0Z614dQ/mMhsldha9TJAN3zWqDbdad1Ny6rMD/ioL0vprq7T4XTE996QXeQjKOWg8vp6OhxdoguDmYKhiKUWoaJttVPj/SuB6wDngl1GqcTi4GhxdloB5Vks7I0aBdmLtfvk7X4FDg9+c21xbaC1J0uhBiniwoHA9pyq+D1EEjPYARzxUjXfrNeXbDU7xrpnQ8oq4Ficj8FXo/sO1c83dLl7qecd07vvDCLQb259fC9nKjFp8DpXVbfIlp+uUnBaG0I4hQ36KG9A7EosJdLrw2yjrZl+mP9tEjv84ByoWfJyHPPnRQIEE5nzcT6sUmFThRlePEdi+LTDS6fnNO7H/IN0Tjh0q1hl0pay+l+Ei2h0KlCHfAJgo2jgG+drWyfEun9HlA+QXoj7dxx2RQSH9SQ0vYkw1uVlXzuzPp9qha/Naf32t9R9f9jMvtNw3kwFLl+tM4syF7coQXxvcerbHN3hvTeD6y62Xh7KgQzpAYrOya1965qWCN5J9qVvIiP59q3jxO2+C05vd/Dyt+gyliSXWnc05ZZtnR9HNoKqy6i0RTAfchFed2lfw9IP4F+yjXfVXu3n5Ism92zCj3VeEhwui7XOp4j9FFO1uK35PTeD1xv0Gd0T0KHILR36N+0ag2CJrAHO6xjNx+eVtf+GOaO9NMefiD1pOruM/pJXaupTUNuILxgQx4nUjWnT3p3vw2nn/DQcoGG6p6CLFi9bL2nTnSf7uACvV15304YIvcpkH7qD7w/SYe8d5TOsmyeq97d0Bak8J86Iezw93rCFr8Vp5/24FJ1pntCnG5uFYqc7a1b/Wz8IFc9tYotGllSsykHhcHskH7GD5QLsFT3DjlNdq2iKdJ3V8pZ8+l0kM4WIDyXk7b4LTj95B9YAyZVd8flJpxuKXK9psLW0SILxwz3UchF6/LEzfOukX7WD8Wcen9GZ8oKWjVyYOJda6xBTxbR2g6yFfW6Gv5DmRenn/NDP1BO+EgPeiSqaztdKqSmP/u8rmZNWuIvH4YCizPe690i/dwfKyt9BnsWwVKRHOkcuaQjkCpu5vl7a6EAl22Ps4An7cmNyuln/tgDYILRDcizcMvoU8BEJ5vZ/5qM0vnNLQnSp2r5Ytr2PrD61+ZAtP5IZx0uHOpd3auQgLozRJQsJvhaTtriY3P62T+4Qx5te+0toPJhcWKk6+7bHTLWyJkAHXLc4Vfcnfue7w7pl/3oYRg0n0DRGWHTmTO8Rs5tWbD2AQiq8F3VatClCD8mb/ExOf2S/X0tJlB0oVVl2dycqFf9pEi8A+jN10a1tkzR8sW07V1b/RlovqsH2MHoWu1XGcdfIvADv7T0y11E2aI8PYuPyekX/vgardEyibESDOmya7UrqW5q7cEkBQF0+G682elZvpi6vQ/X4xZkarsj6o75r0TXag9Frl0AjrvHdZ+H8n3yFh+L0y/f3yPUIUHPalIMnQ0LSV5HX5EDGY5buvvx9vriARR3gfRrPY3F6og+xwdQXaspXvfybnwVBfOoprhgtqvJW3wsTr/Gkxygbp2y6shqMp/uR+ipQRRkGTiBOr93/XiFz2D2SL/e4uxkdW4KUSN37qFsxuFr0mOsk7fV7e3jPHb34Tn9Sk8jYnVID5hqIMomRqbHyziOPEnYWYE6mz+1frzO5zBrpF/1yZgs1xFqA810212rks79AnjWIq0GGETqSLU4TMfiY3D6FZ9qF+xY3ew9qD3sgKmu1fQU6PZeIuzqhRbv3XzveMPTsXwxB3sfFfgXxeqQzLJhzLIZ4Ia+4h5qUAu9F+r02vssLD40p1/56bZ2wZvxPzBO92rkOgldjoFOsDpsy9U1P49ZIn2Ap2xKaDqFc3kuG4Sk9tZv33ArM48vsFnPw+JDc/rVn/BxAf4oCQjWjHbwu1ahc9CUPhEmOI7e3ot77PWGp2H5Yh72Pj4laWyzW82B1Tzwc9k6VHtIhQL09DXF69W92/fZWHxITh/iKasNXox6M3NuKJEOfhlsqlpOFsBqkad2HJo0+kwsX8zE3jWtf4U+eTZUde+hO63m3SNjQSP/eiyMm4XFh+T0oez+uPXnvslxkTRO72hydYdMCYddjItr/nx+POWN397yxWzsfbjK1RbSiXQjTpc1cn6izSR2LsAZzc4P3+tfcS68PginD/eUq/cjrTu1q8E4YSmkz+FIdLJCUCxuKEOwWT8O9/nMAumDL6HHF7DLGUzvHchZq9ABc4/YWUuqxjl8fZyRxYfi9GHtvnpfpIrY/bNW0RlC4TkIILR3Phgyrouv57zp236cxYzsXXvw5Y/uqnd91mr/45rkI4X7zlkBfqyG/JRmwunD23212nYWvjOkI3rM7YcBRihAvPeI/m155pu+5UdazMrexzvejy58Ukk3FDn9M1amTTvxZBEASdYfi2VWQ39SM+D0Mex+TL24feXudKmuoZE2rfMlIQL1zfdylM9qskgfx97H1Prj+iGF9RNq5LoT6mquSby5Xb/Pz+LX5vSx7P7+Xq5Ves04NZEiHdzGtY60uhDa6UL7/rga6/OaJNJHs/fxWx1Yp6McU1m2dP28bHIRgfq2yrLMzeLX5vRR7b7H+gO6B62h8N7BOVG1W5vTS4AIceXq0k/vNh9vMT9711gvd0KGJ043nzmDvcfPWTtHYNnc9sm363LET22inD6+3d+/bx3c0lT3MdIK9rkt6ToaOcGGBurbVTn6/jgppN/A3oeHlHWHm1HqYlfD9h1HoT0EfsoAwvP+FyjnaPFrcvpt7P6+WhjBN2VgGrQlD2HEjhPUaSoH8NDXsBrzjV71Yy5ma+/D9fiiUMvCLetkh55cbj7h8Ym+lofqqLnu7tfh9NvZfVV+f/AK5JCd7GBPirPqad04vYb69nu5uu7bHvujLmZr7wbr62cj/S2zbGef7KDKLuB5Xd7q7U6I029s97L8qupcVJbNH0Thz5m1cA5hv7UP8LbH/biLOdv7+AOrck0idrZJxxo5m7C7htDInCxs10cHbsYWvwanT8Hu5Wphn6gUa+T6NKcbHj7Ps4ZFWV7Hf7ut5YuZ27tl9i3Nfsos2+lUXv/J6uO26/L2b3sCnD4Zu1dg132l8WSH7jMbwaqsIavgAPOh3vS4li/mb+/a6o/fF7QqnUyXgpCIza3pUsALpA7W/7F7vA+LX8rpU7J7xbXVHg8K6UbdOyYKZ6TuXp3wC9srx2m3tXxxB/Zun6DcU3tAxemJMB3Qrp5jkQBu14/lnVj8Uk6fot3L1csDAKtzEcMEgI2ZSLnw9bhIeFivyqHe8G0sX9yNvZsnea/Qfo05cocnCNv1qrwri1/C6VO1e5XyXP+Q06W66+KsNhnAxcHkQ77pW1i+uCN7t6RVrnaLjVbkoFcqPRL9w+L7ati3Pb7FL+H0Sdu9uh5XL88bQKbIYWKChRwUCdsf67Is31fjX8N/ZsX92bu+yvfv6+fQVk1hZ4E7fdDzercqV2PNah2b14ubGWlou1eBe7laL7YbgD4dq7VLD5vtoorQytX7oPrbLS1f3KO9G3PtLVc+rtbVRl99OS0t7T37h4QfL+tdWd7C0uNY/FxOn8v+fsyHVQn3A+J/bx9qOTaAqHTc3w4P2z3Cy+pruLc5FcsXd2rvFQV8xfD7r/V6/bJYbLebEPAI/b21t3tjL76+rNfvj2XZYuGOLX4Op8/N7u8xAX6AfPVf9bXbrXbNjf39lad+c2uPZfnivu0tb7QS+vt7WeVjD/cd7/4cFj+H0+/A7vUd5G2vbuen38byxeezdzPOYsA3NnFeL0Y30nTsvhpXVZ+O5YtPa+/PafFTOf0e7f45LV98Ynt/1t29P6ffq92nfg3x0CLb+1NZ/BROz3a/J8sX2d6fbnfvx+nZ7vdl+SLb+1NZvC+nZ7vfm+WLbO/Px+vFKEbKdp+U5Yts709l8T6cnu1+j5Yvsr0/H68Xmc8/n+WLbO9PZfEuTs92v1fLF9nen4/Xi8znn8/yRbb3p7J4itOz3e/Z8kW29+fj9SLz+eezfPGJ7F22//PrM1nc4/R7s/ux6Xy126136+PXx/rj42V/Vf/tbxy+vq93u92hpfl9BivhsocW92jvsm4+Lh9XezsvFovn5+12+/q62WzCpp47AVggtOf7bH5uNg+v+wdtnxeLr/slUB6/Jmn9ix9a3B2flxWm1+uv1fQBbypgn6/NdluZf73avU/R9pc8tLgbex/A/X1v7Oft6wOdKrO0TB7i2Fg65DuoOVM/NxX497afEu7Pf6jF6bO0e2WM3ff14serNFoQlg1xmndjdnZsRzscVO0GIVRTpyrY34Hli1nbu9rN33d71t4+CCMtW8MFeTijdbYTWyTHGaFLYv32PKCf2x+LjyPqZ8zrxXz5vPrgvy9+P/y0jtmxgA6oDmMECfR2hDD5t2L7CvS71e0xf+5Di/nZ+7ilv68/Flt+umYwjsIFcpKPOKEDIZ74Qh4B7QYfyJMH8QIFbn7vt/sbIv68h0pOn43d95/01x+vG+OoRY700JyqTGZ/A58Ei+zwbTpLNp4BRLcAavn9N14P0yVvMk/0EssXEziU5BTXs0L4j59QYPTBm02cDXUP7XGb8shUk9JDvMmGxIPwCONU6XjUW+XgvZezsXjk9FnYvZr/V416VccrRkesATK0FlTnLhmM3twd/w7MR4D2LJh2J+Bcv93+s0f8YB/ktS1fzGVf3xv85Vlv6BCPWuQwbnZ4aE/2ECdpsvN8IBA/gD4vPZSb7CoR8m+NEPDzR+XclRO3eMPpA2H9mk9SQfyvIKNvCnFy0A5ELkc2Atba0oGd7BR/SkV0XMARu8xxu4fN9uP7+Ax/+kOLISx+7SfZLV6Djr7bc5NrQ1FOh+i6i3MZCdT5cR7tM8SNg7h/xx2Dn8pOll98oe233WpEn/6shxYT5/PDxHZbZqNs3tCuArra9gmrs+DNBDrdOEikz05xbedK75fk2+Hml29P404PP/WhxUTtfbj2gPlaZ02WzCUjO3dU2SxGF647hzrTaSxGjyc3QqCLgEJde5OHZM3LaOx+xg8U0/hFrKvcvXw5fOrLo8mRhlWB+vDUUa8ZnN+DRqAGXJ/1gC62jtbBb/Z1aKfH18tmWe8dP9arSe7y+wcXk7R35brtFg8xSxaQOtS1blZrZxBhzVYCEePkyTzCTwMD6GpVxMdHng8xQqCwXx4t//ptV07stM7jg4tb/xK2xb9/bCF+eoHG0QK4zVGqQA9UFbI7GOfsgQjem1XFgM63f1AePbShHFV19v+/HX9x+Gu9G8mbP+XBxcTsfTh/4/u/e5D/gYcPj4ZHgZ6hiYGBHGkI1tzfHqIqj+hRMh1YjE5DeggotwmeuIMo3FcWr9brH5VeV8F9Yrxe3PoXUChf/fncbOtL5ioHG+hHhj0EVTQCd/Q4M6NK1hLxFsQhzOwsR/LkdDVyqFcrdr90337/uZrWLl9MyN4Hm398qe29PHxwIepfnFi1M0ahKcN0cFi9vg9ojG67f6ADArLdUwUvhu3Ht7F/3POvcjIWHwDpF6L812uzOb5xpUxkvMBMoQcBQ8tPt1i9A+g8Umd3gJALGg8iHN/BW7NhLbdjoP0GSL/0h/ch2itgjfHj39Qda3EoTstslkCEngH1kGJ1EetbQIfGR9fOH3mGAGwJLFuTH6S6l8lgvbjVC2uP/aVFOQN6/NSRAVEH3UJUJVBHTLF6H0avIU7YhUn0fN9BdpB3k5L5Y/tUTmOXLyZg78PG/rGB6PbSD7D5B5PIpf+uqt+CIaR5rK4YXYu0Mn4gvjrxIcX+QuL2YwhXbH+tbm7xKyP9ApT/2u7x8McSa4QHliFHGn+pw3JJwoxpLYR40fqK6k430IEpBTy1LvZ8QPbiNcprlw7fvgwdt4+I9Mv8t2OQ1lDgG09eIwvIgwy6EbjpGcJbzcw6ThdZSi3F6HTPAP7LcacuUNkQSA0X2eV/P5W3xnpxe5yv/t3D4wCENxl9Aa9OJuVrArA6KaaENJPVlXrf7ub8CGYmEdAyymaL0RE/S7s3m/z+D9h8ey9vi/XixjivyLyG+VvtrvM0uXDGWm6XeG3LXyIsiZBmszrEF2OqOymAa/48PnnzmrWXQQp2tECI/Jmbbf6QhPs1WPw2KtLP3tm/EEdHySzM3BE9IJ1wlUFhHS0u1ElcIGR34rbzPDolbqMZisbygMgKLQ7Be+2mPu/KG2K9uCnO37+RpBQFOjdmoAI397J0tgyJ8SCQVEqQ3E5XEnDdXbnuJH4IguOpegBCHSBQb4P3wwLffL0h1otb4vzpKMY0FRLCBbZ7jnjaTBfACVblqokwZiCvx6tgzaqLJn/TwBlI14zN6c3CAiTdc8c3XDw/DejHD4z0C2Lzr6FZ+kI3o+4ZUG8NmLMOQeptXAXXfqCO1QN14QJa7W4Ez2TJqTLNAExNIKI8i9mjH78Zqj9mFKSfx+ZP24IkzIMV/hLxg0RUqgjCIGqCNdOKStcHmcoLshFCyaxEjRE1tUAS7K2UR4qsa2UWhmT2AZF+NsrLl02MYoKMo1Q+tLZ9sNIlcivm1S38MTLGZ646V/FYjM5Zw9hMLO9dVu3FSouK1pd/ID78eROsF7fB+e4329hpdVukTla3Qj64WB9noThwb4AVvgMX85h+xhNpmtKpHACCuAOTB0nRHARRed8+x/GtL7/dwocvboLz3d9QlxQt0RDNlTGhRZghyQThmyPzBoDnQmgKxUi6S3wKSrfhDBzpbW2eUe5BI4ADtRW/b1CCXtwC5+sNtBlHqXMr1z3IxkQInuveht20W03XyYEVVdOYPvDeVhCcLuGMQfXJkG/JcCMu7qNDs92VY/vwxcj2rjS4r03EqtlbMTpwEqeDBQQztJZ2ymlkqlS64ZrkxVIDlG3r1HGM6Rsl2oidIMRS6Wqzg5+/ypGxXoyN83L130M+7S0G52AYgfvP0H56aqSEgm/7yUcVXlU5OlE1stBeDiEiqX1QugzQb8XKCmPiBRCk17V065FV2WJsnO/+MrZ2sXcHOj+CamJBajB8ipB27IzCV7EpcLZIee9BEjN/BbkJgPBVQCcN29jtn3F5vRgZ57tt47pyI0KQDeAqy4UMtnS3B/Xpgq6nkTgHFPWtEAtfYm9j82rMioEFclz/Jco/otb09BI5WH7xOKYPX4yI8ypUe+BdSqCkNdZYBBynDLcoFRyzCDKOk9A4l85625rqIh2U9t7Wzhnau6jEizsJt/0B7P8dE+vFuDh/bQUZ4cLpcFzGVnw3R+UXCwef1cjqLQFM710oLYHLwQzO9e8IMm3A9nLVNCtzRIhNN8xiMCX+Skg/9/V3m5bOlVNNIKWzXCwJrnQzOz0iH6hwDsGobwU+a4ZvEmQBAXfvwNTe5TrUUG8eu3fi/x0P68WIOP++hdiOqCDMBC+po2gcoz06Rok1YksAT5EDWhiLwRxNo7R3VF039BnlwDL2WPKSdbb1W3kRok4wVjEezld/IzZ0zqtioswVeRuUjqIK1hFZgZw5PsqosKAPZW546/eBiB3kApKSgaHIdUFdbVh7zvs6VrxejIbz1V9F0/QRJLa14OUbMpglSug3pghhjY+fQZFP4UqQ8DtAym6gfcFmLYGlEQi3gbRyHGhvPZI2V4yC8+qPBbKeRAhMBhHpaul3WZQdDM9NNqZIJ1CUz3Bpjc8TMgiDpVOtVjb2LWvkhaf3H/fAzdM4WC/Gwfl7+a1oa2QQlQvFgeT1INmsbhiI7RDBbXMRFW086aYSZGK6nFU9B4LurYUom+yOL3T8bB6Gq5K9AOnnvl65fmtTqZE6ZdDstRtaBbAk/y0Hf8rNXoR7ENyKNrvZ0VpmPN5ApvFRsc7OHlm0f9gEf4+SXy9GwfnqaUMSLCj70mQSVNUwSiYO7mYsnTV6H0jxzqpoUwGgct5B+SS6cgaMSRhy5Ciff3Us+//j2xi1NMXg9j54cY3g3ha6CYOoCQK2884kTyRugTU7SEAduG9oV7RhcptRbXWIltgbtXdANplSQp27HEePZzcC1osxcF5+ixkWPkzEgJGsOTeE88DbQtHRaVCXPqDlRvAJ0AEtvuBxeiPFy6o+Q3t3hAQUyyY0CfYvgyE9Gq8YAefvT4GmWIIsUxXtYEJRY3DTHaccumi73uSlpIMIclaZxjnYnM7HxRrPSDndceDFYqyQ8c/AFj8Z6ee9XrlFlkttuROMGFhVPzUfKzgxlO534X9yLGvvnU+UUDsN6uhK9s6A7lrtmGPHnMbAS6jC++BYLwbH+ap8gTbBAioLDaFjJhCfDwWiYZF75ZiEuq6HRV5KT+rUMc63CKrMkrwHtU3Z2jv0gvrhn8WPwSsqiuFx/vRKj8myY2zF6N4MAUYKqNxrGeBT4jRYg1e0IfKsGx8xjLogH6X7DlJ7dzKBvHWe1ujtP6mf66H73IqBcb734hZNlkWDAHxGt51oZgy7DN7YJEC6TEHMCRENiUq/sVpv6BvQg2s9qKtYneeXD1/PQ3tyxcA4X73v3qRmpdsZkmA1ixWtiTKpTcL2EAnSrWeweuGFw029ecN7B2O/kA48LRE8SnNPA0+rKAbF+QHo0IbnZBITJ0xMs7LlpSGqPrXkT6q9Iu78dQCmnkGJsk3IDQbPaDUf9ARxAXVA3jtX9/bh88DziIqBcb7aHZ1SVhGKot6EIEVBzdNd2PjlHptEcBlDzBKRDGACXewEUm4QnGXl95iiGOhY2iW+7Qa1eR+kX/T8XJcJfF/jdUopRtcmQbT615NQ115e8yxG/gd0oG7RRGLmjNNeA3JLYBMIj4rGYkhW74v081+lqoR8M9vPezK6w4uqYt0BuThvDXmdnOhH0c9g1PaAcjTArpGD5FoOZCx9203R/D7bG3P6ZeuqXMfSVwFslBVNaUYXcg350BM/G8UTVl9FeqisqFq/sNThlL5jABhJFiGAmcsXsXrzyew/sUGjtl5Iv2R3/0J3doz+iw/0RLStLEp7U8yfIiUxQeFcdpOrHxa8HXgQB0ntHZIVuzpWpx/KEheDTgsvhsT5/o/A+1IF0HvG6KLERiXPkz/LB7L7de8Q0CR1PcdOnuEnXDaj7t3hq7YYk1QYHJG+GVCV64P0i17jpXn7JNAyRzUlGV191HxncBhduF8BE3XvtOtNYV0zOjpAN+veXXmYOPv849hbfcXPtR8R6Rc/e7mQDejimKW+MTom9Zrkz7aBNZh17xDc5wCxV5iVOUKRA197l8sRkB3cCqzT6eWWnH7Zs++2KHhQHLPUi9HN7Vsew5by3NWaAhuXqPhchWoy+wdM4GFeAqTK8xqAy3bW5ndZDOnJFQPifFU+/VziEtgR5rKKvA+jm0tCtbU7OHU71P2KNtngQsQ4/j1VLiFeEBEN548o/7zTon0by0PQdiNOv/Q11rwpSSK7L6MbPYVINGsM6KTh7WSXdb5qQGNACRLFlxa/BTmk1Jhtkey30wtSCg8DzqdIIP0Kz12u/uGzo7R41ZPRDd0cOqGOxicLqocCdEUbi/GJQRSj65YKx0sIZg0Y1yjoG9p/aH/eiNMvt/oPtrkZju65jK52BzSne7daG500qpQVuUXrCdAqRlc9t+h5CUp7B8nrbONrf6f1gJm2YjCcvx/qpJaEB+loPgjuQQpJ63q7vpW/VN8DjbNYOdNwujIN081UrlV0uOiUK3rLSacdaLvLerCq2BTSr7G/P5B3rM5P5EemnsLoaOybaLC5VdBo4EyGXcEonWBAlBXx9skOQPc4MGUf0POjm8rB9dje+7We/fFNMzpZ2mC1LHuM3pmGCTbM2WebrHv3t2B9oqNYc0wnYme4gOOSkPAhegPxawkvA8ZsxXA43yP9Db2gBJHVrZ/F6AlWVypOIDNm0WJgsGtpafWcWjUtcsmwClZf62bZvMa6+PiPcb336z37I4rBKxG2kdP7MDo61oSeDjwEO15Gp63M4hDrJQI5G8LyEmycm1ovfyfLYqBT3BKcfqVXeKzPzdTTOwSndzI69GN1U5ILbmui7kcxsc7iTejF6UbFtEc97Z+N9H+842NM7/2az/645GqK7BYwj8ztcN1tVrfGQoGCutmaGKNqPaAEqEthvERAcbIDnT+FxvBaw00MqiOgyrPB15E5/WrPXqLVi0xBYZJxf0bnggs62nlwxw2Yipy6yAuh2beO7mlNSnkHK6RE9kPHr4/BJtAopF/32R+XBrGyuX4dXKyD636sDk5wpMrPVdGThfbgsHpAsdyMXraurUot7uMTLuFjNdTMIQvpV3yFEoVoqkrljBSZUfkCfVgdREWUYoEAaucXlTMdYq9k/kS0jaHLS3XOjG2//VEOgkON9GuvKI50FBXE8kDUHr5agtXlM+noDOyNO3Q572ZLKiDtghU5JfaMRsFOMCU6tnsckD6UJ1cM6MfVnK4D9dhIxoYwWZyeSEfbsbpZ5cZ6TOOfTYpfKPSuHuimzsy6dyBjrrWvbhwzwfaij3IgzuVIv/6KUpxOR0dEr6dTuEi5eYlYHeRLuxWpzI1Xf1oVrPL+ltOZ9o6y5MddWCIvsayRfnWrGJx+5VcoGYhRfLL0NDS1+UEv6T0Vq0vhw/TeeQQJpveu5j3qia+J05pO+GKnT3yUw9mlGAznlTiz1Psw12psNtVpsgTMe8lyQE5Gpc1prHoejV0YpKuoT4ACr3JGx3ie48562w/ee/Ex4A5crAbc30uj74uPXOODFeXsZ7/mvR+ryw9U0SktcEWzCjegMe8x6GmXTHBFq1AITWKn97LHioTLEEgfxks8IB14vM27Vz1w8kykB/DeCrz0jS2OBudsTgSzL0UUSctaHEAzHk3qcuRpqizbcFFVMeAu0iKdKdiMUBNlqP01OYvVnRGx6FTOgCMXJOY9WgtNdsehs5DAwj13Hz5Ww8VVxXA4PyCdvEVFf2SghCGhCb+/D6uDu3HIulRjYmRIvrxmdZG6NbrjUpzhNEW33nvxUg7nYRerAff3khUKWQcQs2UAvojRj9WtbBmwjdP23nmPqeX6K2eUI7WesYByYmSnxiBEA897v7KNioFQHhU5jnUa0gIfBeHLFwgXsrrRZWxUtHk6inoha6yt8t7B6oq3YM/br4Apcle3+JHTB9rZFdJ1dkVwusQ48+d7szoYNfCAXsjM5707Ww0YuwOroSepGpGhN44gcm6rHpyP0jbZlJFOFTkgiEFebtJ8MOASqrLpCbG6NbwTNLr4TxmKHKNgEG+DVc6IudKg1pJZ4sEYXShyQ/B6MWR3ZMnbC5B7qIrT0flAoJeuZcTqolJHeYsyJ+ZWw0qk0xp6fpQu9xJ6sLrJ6DpOv6rlh0M6VeT0YfNA43RAp+Qcmfx9HqtzMvbjdAzOryADOB6nC2pgRbG83jWZUpfxAFgHusyO00HFtwane3489IK6Uy3HImzOJPYsKE8QBL4/xbWqa2is5peubQolp9tmngWny4b9Dk7XzM7HeJ2hwBOtTPayOdq7Gw+yjIGonGGIdSHsyO5CDbA4/Xq8PjinM+2dlfUbnA6OD98P615eXWIpriZRu2rbhS3Gtj4eOKcD8xJEQT/4Dirfhbo5/SqWHxrpILdGIpQoTpdczs5GO5vVrThY9KNoKU8O+pPlPhr+bB4J22AwmUWX4yyP2nvx8j6IxcfidCCBjRyKafWNmJrceazOill1XWowusmNRJ8I7DV4AygqIee9BEhH6LaH/7FKm27ailx8s3KcnOB0k8tlfHWyAg+0WUyKL1acbhgnVoIw8JpyUPtc5DUc6Um01LGwHV7KwXb3seJ0sxqWczq4OceemhzaCrz0I2mBhNlNboyyQLF4A7hADRgQ7Zp49FLpxmKzFbkrWX4MRU4wLe9PR6Ov0Co8COeyur3nsyDa2WSBUTqvqrCV9+PbElxheu++N0/q3gew+HhxOh/3ZnK6XTlzQp0cszAEy3HWEyHsbnJTz0MV3gsoGy16MlLvXtxG3fsAlh9HkaNRk8npzh7Hg6UzYnUIftLVqHu3pAL7VegqFSTW1sRa4xKsEhqDU2iN3PV5fQROt9oFBae7Tfun+u9qsIfl2/FYzNHekwJBUNg2cN2ECJDAOXj3dCP9AquNyelSvHJr5Oz20XNY3VbIzWUIAWxb2IG1DN5b/95oy3JK49Bf6mlOv8Di43I6iP5dh9PR7wg4idWjYCoZXHemmLm55FxXPi4kQDAGwyE/mbVLfJKrrdf4kckiPVbDAlVoaC+b3eZj78a9WR0Cmu3KDKJEvgnOvmsWVKvQnDK6dM3J7wFObKruMbNs1+L1UbR3WZMUYebk08GJ1E9R4OUKAm+6VMwMWB4WOC9h3/IO4u7vthPvvY9hJqnIsbmLou1LlJR5IU27TSZbVxWrG5XUHHHoTXIVv4xXcMNuNWlww0NHdKcluIn2bk4/0+KrkbV3VQ0L9CSTkGro7VcRy1jdwE+wNwWvcsYNGxygg92gZaT3+nz1Hik2Ye8dhPdu9LIB+vXvoNi1k9U1d4qKSdFwHryXNTon0LqFwfwd+S+TmC5F7/OzbNfg9VG0d7rPkWQ2ojU/QqtzJ6pyHhebxyoL773PyyYYHVK/jD9byko4faxO2bKnxen0vQQI0tFNuc3qg+oAuLBSYHMN7NjQnuSqLOOUs5Eyu6BTR7pYy/x1HfE9kWW7yOKrG9S9G9o7ICbjmFO6V31/mUoEooALgtWW4L5sB9DBAPoJvzoQ7/19KKyPrMghnS7V5NdMtxmSkOvB6lruEjVyBqe7QPfK2dgroTm1kFs/nS3E07z3c3l9XO09mF2rYHbxGh/FKVA3ekgUY9RrQQzqx+TL8jvoQEuf0Zt1CD1hfjLST7TgqFk2FGfEB+TCLGKq9h16yHFEshXfMisw0TxFTZ3kwqpc3BjdKu4Rm5SfR5fae/ExjMVX42vvQXacGAXnjmfTH+mATmpLn7aamDnjtNcEYwZNh+uOwe6N9HJscA7ST7L8mHXvbTFcOGmOHOH5XjDXOruV2G5L3mQmSMsFvregXHdwa7yC145tUtspnH46r4+kvbPpqxrpvsBqCeGp6lKa4xbBrzcxMpVlk4EAH0pN7ZpgdOSj5nvgHE9Q5M6w/Bh179DSGqA4Y5U67+DKFsr3Cn4tJUnWB9UYambLlNkU1pkzToNplIfCB6uhSqwAr0+TvYceWbazLH6DOJ1AAxrVHbCnHQnswNFzyBAwA0bBcvKl9g4p9T3IgcDAXHc7Ru8RqRuqQs8s21mWH3MSheHtkvA9iXVnz/TxgujwvKrLsLR3o2inI71mTZFKbPbJXnU4ndNP4/XR8unAFDlAVjnjKHCdFTRuiRmfvog8BWZWw9rUASLeOF11Tybm1Zs4sXLmTMuPNYkifkq0y4k57x3KO6FYO9xFox7O6SJv7zG0d7sSUibUQIlxnYMUetI5nJJlO9ni43C65TbFHm4hendhnVOsj3PpqQPGHlW1H/Ce2kR7TU+g2yXbkMC29YY+Lih9nJIiJ/ylWPcOHVhX30/iHLySCDQe5c17Zy8MOqEmmnV6aMZpsV369b2zbOfw+gicLjKefOYMCu/dFyzAKWaxC5eD/p72F6X37qYA+gMdTmJ0X4w/XZE7wfJj9acbk7uawD24tgN/A3QMpDNqegZUp/ZudLqIWjfRPoPeOlHhobOklSh1jvfey+KrcXvZFCgI0hMTKDocamduSSJO1/tBYgo0kQc6gQ5OjO4BPd27+nHJEV03994pOM1qWAyuP5a4L7VGrPG+ZmxIdZOQtIJT6+6VX8g34OLcIffTsmyn8vqI2ruauwSYIlOv1Y9Joi5gdFc5Gqf6GF2rTtYznqxMgd6VR1deXUpKvEqc3svyY3jvzHHSilzogWsb6+iXmFql5mj2T8i6dzNah3iysifG+ao7YrIx0xKgl2d6750WHzNOJ59U+5myM1wgpCvlrJ6mxHFtdj4ddWsi0nnv4AcR7ePlfEdI5NElo4PnJ14zTu9h+XFq5IDuicGpe78E6xxoYA8IQ2uEUJP1hJAIAJE3q5B7qJOSOJXAFZuctJuc935dXh+vly00g8FoN6fqT7dCGfAr5zocL2ugmdG1qndp3RJFDuiI0AdvuLRVqelWWFve/GXee4flR8yno9HgiYkzXLqwTlPdYMTpRtmTXF1074bg+1nID1GnJXhgYNd4P4l6H5Pi4WMYi69GzKeTSFjG6WbEk1Dee2E9WBAKkAjEzCBPeWZtqMnGBArM2t5/Miq/cpzeYflx8ulIIe1p73Amr9MuKOLjudo7h2S794bUL8BHSZMUG3aVTPtbvgI+ub28GOkpzh5tNqwe+OTOe++PdUvsAia1sP5HBclWe7dq5MxC3OZch8BHwGJCde/wPpyvl/Ja4LuV986hLsaDeP3p3mRocIPgZJWMNeaJbtDgHATJz2YD3pgFhsLmupYh3cmGnfPer2Dx1fj59K5qWN+/6cvr4NG3Qj/x3oH9GuAN4aeOSNva3hmjc/8/zeSc01fXGut/S0UuVsOade+pbHo31hXcNJK0hkc7EdLOlmrAQ3Y+Ww+XDXpIy1fIsvXh9XHj9IDezBkP69CJdXugulHmaPiL4rQma6MVVXKIohAoQKfDZudgxuF00/LjZNlARUhs5gykUNwT6yJSR8P/Q7NPyud0q9mRPjxKNQnV3QnV/X62C2rkelh8Nf4ZLioNbZYg2EXCJ2Hd7H52Z85ETrfaa0hKjw7IsZ0Hj9FDj+CT3fdx5WN1b6XIydmwRi/bJVinnAAWZwhaTfSnWw1QHOixcE4tjm5KTxXF4kU1cv14fex8Ou1wwUQ+/TIfnnvqlnjG+MbucAGjSs4pBYKTGB2cfzFl4aO8qilupcihUSOnjXE51hNlayoaTmrv3A1sHq7Aj9AZo5suhplva6ZLXcl7VxZf3WDeuzEbFjCN7DSvYzB7X8zhvo72Dm6WDbQiB8K+Qq/rZvSe1XLXRjqz/HiKnCpfsWbOIPozZ7xKWXI76InsPOGjZlPQ89P9FxClduQ+rtf1xTnY9TIkTi8+VoPt7iOe4YK8+Fz1slnapN2zZD9Kp/DEqvAajbwaOUdZlRMwJdBtRgeflsxquesjnVh5REVO7KKI6OfTHcAkRQ1SEBE4OMHT41HUyCl3Sm7bIMf7B648dLjufVJLA3A6sfjYcbozGxbRTzd6eXZwdTvPUwdM5NPt2bB2e4paNbxENsnoKZxLunophwHi+IocC9DI4asp7Lrtfo6jzXrZZN27MCctZgoJh8IopyCc0StGT1d3K//jKlk2j9dH1N6lgcW8d0io7l28rrGuTlsU897poww3T00GAy0CtT/VL0bvzqiD8N6HMMzYihxwrZpxehq9Xa29xlmNVq8UghWIpbR3FqWbsTiBeg9Gh45CuRPnvZ9r93Fr5JAeuZA4P71LfevodjMaxnmZS0flDJh1M2CQOqI8IbxLde8G+YCcXlt9TEUORMG4WyPHHZs+WBcnMDMetj361rXkcbr91L66HneQxFdI9a3ZitzVsmzW/j5yjRx6Z63qmLsL+YmGAZbn1hOnjMoZcI6SaeRadGLxdsvyGR28TDo4OD953vvJ15g1coFPZfPq3m2cp7EOZiimJ07JhKnQ3r3ynWCP/G8OoOo8gEDoTB5LnTPv/ZzrBjVyogoFsXvyRFfuTbnUrS3tiVPGzBlMHCVjnc0nE22JOkcI3aczqW3go5wj0pUiR2Ru2uGSGL/cjXWnxRTk6YsQvLp3lDNnzKd1amPEs/jjqUyYgzkWdXDv/YD01Xhz5JgrZE6XgpPy6Q62mBXAD8ka7x0CmgdMmKSs7E+fxdqUvNrqtDs/T6RrRS6QmBdoPh06gpkuXrc41IgEkVXNWNq75yY41a5GH4MD9qQIB5b3PjDSx4jTzWpYGaeDN/I+wevm5kgYnB+1paFON2m/YhGTG30P1wxcR1WvFZg90kEHTXISRd9572bXqvWhebKqngpC1JPkb+EIcmr39ytv0iNW1HUnnI52NaxlC3BqZpKlLVI+sw5ORPuuzulS7Fg1Q2lzh1IZmk6aqgbOsg2M9JWaAg2sGhb8mTP9se7E96asCmaHC+N0vyzH9N67it31pHq/KE79OUCW7SacLi2sZs6AWzTo87qeVQEhzeCgvffUvHclsRo+ubFFGHlUPOVrqCzbaIocPfUIu2bOwAlYd715cbZDFAaMtkT7rFVU+UFjAbSwNLYIvSv1gPkoWbYRON12qp26d7tt9BReh+CShrG2zHnv5pEBZmW7dPP8Mj5zfGzya46crqdAU2LtnDnjIzmNdbqjGBKJXCW6Q8l/QrGps2Onuo6OlJGdR+cjZNlG4nTm7KRnzqBzhBV2Yl0luUFrPob2Llej/4SG924n0t22RP7S4Px5D1k26QGjyrKhN1zvdKwTZAoSBbW60Oplc8MDR3vvMUNIhuqY1J5grCzbapR8ujEbFtHadSGB5J5YR0sy0XkdJJlRJ59uON4ygu88dMbM1Xkwp977bJGuol0+ahHNY5LOxTodS2gUm+tT/3ScbmM9VTnTFXo40X46TB/We///8tl5i6Qv6U4AAAASdEVYdEVYSUY6T3JpZW50YXRpb24AMYRY7O8AAAAASUVORK5CYII=',
  `last_ip` varchar(45) DEFAULT NULL
) ENGINE=InnoDB DEFAULT CHARSET=utf8mb4 COLLATE=utf8mb4_general_ci;

--
-- Despejando dados para a tabela `users`
--

INSERT INTO `users` (`id`, `username`, `name`, `gender`, `pronouns`, `email`, `password`, `admin`, `preferences`, `image`, `last_ip`) VALUES
(1, 'test', 'Tester dos Santos', 'Other', 'They/Them', 'test@critmeet.com', '123', 0, NULL, 'iVBORw0KGgoAAAANSUhEUgAAAfQAAAH0CAMAAAD8CC+4AAAAh1BMVEU5bd5znu9ShueMtv9jku+EqvdCeeecw/9aju9Cded7pvdahu+Msvc5ceeUvv9rmu9SgudznveMrv9Sfeely/85cd5aiueUuv9rlu+ErvdKfeelx/9aiu9zovdahueUtv9rku9Keeelw/9jju+EpveMsv9Cceecvv9zmu9Ccd6Mrvdjiu97ovdVcBQeAABAGUlEQVR42u19C3fayNKt8ElgTRY34ay4sN06yzP2TBYpf/P/f99FIKnr2RIPCQm3NZMEjMFQvXtX7Xp08b7K12e7ivwZfL6ryJ9BRnq+7vs6/FfUf+crIz1fmdPzlZGer8zp+cpIz1fm9HxlpOcrc3q+MtLzlTk9Xxnp+cqcnq+M9HxlTs9XRnq+MqdnpOcrc3q+MtLzlTk9Xxnp+cqcnq+M9HxlTs9XRnq+MqfnKyM9X5nT85WRnq/M6fnKSM9X5vR8ZaRnTs+fQUZ6vjKn5ysjPV+Z0/OVkZ6vzOn5ykjPV+b0fGWk5ytzer4y0vOVOT1fGen5ypyer4z0fGVOz1dGeub0fGWk5ytzer4y0vOVOT1fGen5ypyer4z0fGVOz1dGer4yp+crIz1fmdPzlZGer8zp+cpIz5yeOT0jPV+Z0/OVkZ6vzOn5ykjPV+b0fGWk5ytzer4y0vOVOT1fGen5ypyer4z0fGVOz1dGer4yp+crIz1zer4y0vOVOT1fGen5ypyer4z0fGVOz1dGer4yp+crI31YNiurq/p6bK/D1+EbmdPv79qbdve0/vV18fy/h/CGAFj8P1y+hYft8+Lrx3+edtUjPol3c/9IP6L7z38W29e9sQsE3H/9sb9wiccvKPDt5+vfv789rcpPgfm75/Ry9bT+7xbp17Iy9xtW/y8r+8evt+1/13vLZ6TPe09f/7P9CUc719fR4M3N43/trT3sf/61+HXc6jOnzxHjfz5vIrqr/9+wMXnz1/G+aP4j4Dc/fjUfUUb6jNZz+ev3BpBAmtm6+uutvfWGyEBffW0qvGdOn9Ouvvq6fUNssdwaszZvOCI6xF2gYfgluf369U69urtE+q/fRx99Gf97a4wcalsH6683bHf7yvIF/v51Z3a/T04vy/9sA7b7erOPt6au/x1A271B/Vuz0e/durcv6/2+kZE+aSZfrTfR4vW+TtCNELiR6V/HbyyJ43f49+be0H5fnF6Wv7ZIvbFGfmnMHtrbFdAhAn7/dyDbwTJu89XX9s/7svr9IL0Kyv+uA7MjxtvNO1QAj2iurE3s3/4JQdJAY3vcPt0J2u+M08un39FXx+i5cXCTW7X1m3truAcC97cmgN//sXi6H7TfC9L3QVqIO/uy3dFDe7VIhxb6eNzjoTF/C/dAlku9iDB8zZw+MZv/uYVWZ2n3aHCB3tgbyeOO/E6Rj3UYcPTnoaL2jPTp2HwRWnkFCa4bYEO8AxqsH24CC9sC+VdD9aGV6ve3/jt7Tf5+OP3P16INsAJx14MAOuN4Fac3WwFEg0P7jEfOKF7/cw/MPn+kl+W30CZTAnHXoUZyw+G1CaF24KGBOkQmb76NEPf++o/GP/x2B1afPaeXT1+QSuaRoEOLVQJtg9XrDR2Itx/39iaAb3Pw+OVp9hU2c0d6+edDu/mK/ZpYOnrw5DaICL1dAs0t4FJdExps/jPj7Ns9cHr5T5scfaNgDsS2rfnBYnXACHTyF3XjgUvzGP6ZuVIzc6QvoEY5g/iRpwXUof0uUJ+eSLRBxOiB+/KhScIhLOZt9Vlz+uqZCOwR48AMLVncYPmGuFtqp3sEBXqj8uJzRvqNrt3/wdEGkbAJTxusDiarh0jpoQ3ctadHXmWJxf9mqsrOndN3r0DyaERsjamz4MXmLH5nfzfUz/U6EsHVfvzrbr47/FyRvg/VArbZtNDSeIR6fbuR3SKLQ8R5EItF7BNMy6MrqOL1t/nmW+fK6eWfG5o4R25FoJmWgEgcu4DtYjjYXwL+GJpTZ4CLeeHo0FWh23quVp8r0p9iyTLZiluoA93EmzC9EdtE6q2l9gBy66/va5+zfcRxj58h1ufM6RXOmwQqEnWVRlgsTmNLogV7kAk35fQhkWe5VzBjrM8R6atyF6LJqbMGJtR5Zo2G7UCWBThQRwZ1IghU6sA8ffg5cnr5tGlz5zVhK7sS6zJoiyidGletEKDBfPQNSMiOD08Z6SMhfdtmV0hK3GV1Hr1xPY6i24K6uIeqdkesb2emzc2W07e18BrrW6klSe7EEOTsGJ1QRFDOQOsugPi5SpUt/spIH4HPV/+2koyqZ7Ogzl0z5sgLRw8CV+1BxQWUP5oa+UXm9MGv8luL88C0cqW4WPlzF+jAtFaL5JVfEOrI7Z/ZVc7NDenl+q3pTKMFLz7Uxb4vqub4NlGbFhiy6Q2Q4t2hIXJO+fU5cnr59EqE9hD1Mia1ts52D6CD4edx6T3oajskTVBLfH2aGdZnhvTHbdu6QsAMaH5BMKANWnUHpd0A12yAb/OhJf9aLtjOLFqfGad/a4Q4ZkdmWoZUuh4cRrfXRayRdVz39q5qh59ZteSckH4gdDJTQGrsCueBVr9ajjzwGhv1fEHrc1ytr7f4t9nosTPk9NeoynB/W1B6jLqhG+jAwU2eheXl7fz7scUVXzPSh/LiDhVxSxo8k31XETvLnhkxunTd01AXLj8rsF1iMatofUacXv56w1jdHqRRFdYB2fJIiXGgk60sIwPBfBaSejlu8BnpV79e6eyYFn8gsCphyl00U3XvZnVQawJjIc5hKb7Ow+Iz4/TyX2i0OFBCiQV2toN3iXFSuZfCLbYpNkYnpFR2Rh78fJD+/Y3Ut5vutQB74OSuGJ3K6gbUI8fLMB1VGvcw4GY+ufX5cPozrZWJGW+GcNHZQpxwoKY1gC5VGzAKquofoVoORBUef7zPhdXngvRy3ZqcZcY4LDlog6x3svbsLlZnZVJBCPHsed7WmdOvzOgPsZOlLk0nHrqCe+N60xpmzuggsvCQqLSIeflgLZdQV8O/zmV/nwvS1yyfKtV3zssgoB5kQawumGQ/60E9hgqg9N7DvXPR5WbC6avX2MzChgtIZmbOeCyh4WkUWRHDI/UEqwd7uYQa7HPpepkH0suPtgEdeEGyhKWO1G3VnRXQeqwOktWpEMjD/uPv95I5/YrXhnetKXnVATuSWRKpPLpkdpSFOCDDAdReQlUcm5F+tbVZrqGdNBEwAXWwYu5gFL6wPDr0d+Dpfk6eE+povfiYhdXnwen/q9LWIfpZtIsc0WF0Xlnj5NFtsFusLjU+JdZWf/ydkX4tRl/XA+KAx8rC2QaHnAMqRa31wz2wp6HOQ7x2pGwVtk09Vp8Ppx/FODY+hI4ARXTcd0Q1QE7k0Y3oPh2r2957LJP8MYf9fQ5IX5FCdyszJlld7LtBFb4YeXT5tw11EFCPa6Bhdfw+A6vPgNPLb9BOHuB+telrcwwzJCby6H0UeHTCPTqmAv6ZQV596kiv/ti0de5o6mjBSLRBmwpts95+Hh16JNt40k0rcs1S2GROv8a1pkGSWeRuymq0hjV46TWwGV3WVAZODyCWCJ0iu5xB1DZtpB/++M0r3UFzd/BwjtbubBfMqFjfLaGR8R6EuMdXGdbM6Zcz+k747KjddFDdbEZlG3QAXTj+vnhr9FbE0ZJL3Ex/duz0vff1sQKWQg7SrM6ImXp6HXn0PrE6BIRgFU63gQJMen+fB6eXX1CKK5DGJA+30ZgVB54QF6wULBjaL18ppFJu/8eXMlJTRvpZ67IMTv48IlP1qSjdxGN0SELehLpKx7YvAHXjw1s59Zht6pxevrDBYYzTnT4GORc2gC6G8FX3YDQlS8cdTEZvY/UP6oZmpJ+xuy9qm1P4gUyouTl1DnCqoUIS7DbUQek6ZM3FxMBiwp7cLDh9d+xNhqTSLuvd+GRvr2BGa3hGIsUacGG67u0qW+KWfsQZ6SevydXTG6mHtOJnA5KnMjr0hjry4gtDBq6+fq4n7slNnNPLF3oYqmo3ALMDjc/5TsXoXWA3FHgmAClyCVWagBZIZqSf4cc9kzIpweqdUNf6KfZR3d3nhYBS6KXjZqGdOPWjnKzF58Dp5QbRkUKs2XEyfHcZHTpArp8XgpBpOdAb9B9usAL4jPRT12VpKuuhq6qtzbCdpLp3QV1gvD3gjZ3oWnlyMHFPbtqcXq5hyT9tNVREVcrRITGy+MGJxw09z8irG2zeLAaS4IGqgGbiXQ/TRno1KbBV28HV2m2nvqVb8JpaTonVwV8ryFPre6T/O9nJcjPg9NqPC/4MKHtYDKlW9BjdK6C1hH2zCQqsOL1+4MQr5SYep2/F7kn3UxRzXE2M2v3ovRmdpddMnIv5dEeob6cdE02a08unh2b2hDnW186IRTpOpNdSYHfypmylWWswQn3iMySnivSj0dfBGDYRQJvA2H9BHqvYN49us3rQl55Q15B6WGdOP/f3K9dxPCSK+XBq3o+aACQPUPXZ22N04gXymFGJvVyeW+7d98zpZ+G8EmFRN7CY7EyhDojy5FSP0ft9HUZO2LEeyMMBarO/TNqTmyynH/5bkAZlPptZVamjrphBDB2MDkmQMwfeXxMsYVt32U05uzpNpEdHboFqiFc8f0HnzaPDDc1cx05G74l09HAOfNJc/Uq/p4r0KXN6/deXdugIR7HxsSvVvUE6mzDTCWrrfmST5KwsmxghvsQvYvlmpPfE+R7pW3DPbVA7LC+aC+TsRH/CTD9HPrRuguW/x0lzhNe3U97dp8npzT/eH0wZDYzhkCjajIAj3WV0t2I+iHMiUv679BMDtHm2jPTTcF5Vwi5Z5rL+lzcVID5OVD30AXrKU+vM1TTbS4zxpmrxqXI6+SdS6Z1lyVVKjelr/EBkFKdpu3zuMLq/akD5kfXNt0nXzkwL6eJmuUSjTi0YoyeinwV8x40TJqET4s6gqSj1+AXTPGTcf015d58ep9Mb7/BmDIVANKphUbaccqQHTDa0WDPlWCCQ0naajmjiSgBOunZmSkjXdxjeOj8zUdoEojxPBoQG0/2CXuq7hLrF6vIcvwnXzkyR0/nuXkI9aUZ+vGDp7GpsJyI9zsluQ4fEHgBBjg/3yAGEu7mEMr2cM9LdD6a0oJkW3oUQHs9esNBtzo4WLxnkMAuneoZzQvE+4d19Wpyu7jjOmtE1Mlp5l6e3RPyZe4MxtMItnOFBoa3KiUW3xFX3ks5It+9e+lI4pDS6dn2AnA+vK+ZNrIPIp4CYUdhRwYVYTtTiU+N04y7EVNWa0+BCx0MimSSLbjRuOGYsMjCjQiHKAVkte1eu7LmsPzHSnbtLu5ccOivhpfcOIU3dtnNGtw0IVpmcNdfsWEYh3lPm9P52N11stOY9ohTReJxuj5VJToKWTxbSSXU+fnZT9l/anxPp7jfKrRFOg8qw2yZotXeVgIfO4FzH6QFBe5B0DjTdEhAfpmrxKXG6c/cW0RzbmthmufZOUi7gkXYg0/rdOL0jaSOA7h2unZHe/UGUzxrQ0FHtxrV3Gaf30eCMQEBLcub0g9BOk/tSTnh3nwanu9/4DctUOZzZUs4k81aR87T1rrw6EXoTsi3nfjxMILHfV0Z614dQ/mMhsldha9TJAN3zWqDbdad1Ny6rMD/ioL0vprq7T4XTE996QXeQjKOWg8vp6OhxdoguDmYKhiKUWoaJttVPj/SuB6wDngl1GqcTi4GhxdloB5Vks7I0aBdmLtfvk7X4FDg9+c21xbaC1J0uhBiniwoHA9pyq+D1EEjPYARzxUjXfrNeXbDU7xrpnQ8oq4Ficj8FXo/sO1c83dLl7qecd07vvDCLQb259fC9nKjFp8DpXVbfIlp+uUnBaG0I4hQ36KG9A7EosJdLrw2yjrZl+mP9tEjv84ByoWfJyHPPnRQIEE5nzcT6sUmFThRlePEdi+LTDS6fnNO7H/IN0Tjh0q1hl0pay+l+Ei2h0KlCHfAJgo2jgG+drWyfEun9HlA+QXoj7dxx2RQSH9SQ0vYkw1uVlXzuzPp9qha/Naf32t9R9f9jMvtNw3kwFLl+tM4syF7coQXxvcerbHN3hvTeD6y62Xh7KgQzpAYrOya1965qWCN5J9qVvIiP59q3jxO2+C05vd/Dyt+gyliSXWnc05ZZtnR9HNoKqy6i0RTAfchFed2lfw9IP4F+yjXfVXu3n5Ism92zCj3VeEhwui7XOp4j9FFO1uK35PTeD1xv0Gd0T0KHILR36N+0ag2CJrAHO6xjNx+eVtf+GOaO9NMefiD1pOruM/pJXaupTUNuILxgQx4nUjWnT3p3vw2nn/DQcoGG6p6CLFi9bL2nTnSf7uACvV15304YIvcpkH7qD7w/SYe8d5TOsmyeq97d0Bak8J86Iezw93rCFr8Vp5/24FJ1pntCnG5uFYqc7a1b/Wz8IFc9tYotGllSsykHhcHskH7GD5QLsFT3DjlNdq2iKdJ3V8pZ8+l0kM4WIDyXk7b4LTj95B9YAyZVd8flJpxuKXK9psLW0SILxwz3UchF6/LEzfOukX7WD8Wcen9GZ8oKWjVyYOJda6xBTxbR2g6yFfW6Gv5DmRenn/NDP1BO+EgPeiSqaztdKqSmP/u8rmZNWuIvH4YCizPe690i/dwfKyt9BnsWwVKRHOkcuaQjkCpu5vl7a6EAl22Ps4An7cmNyuln/tgDYILRDcizcMvoU8BEJ5vZ/5qM0vnNLQnSp2r5Ytr2PrD61+ZAtP5IZx0uHOpd3auQgLozRJQsJvhaTtriY3P62T+4Qx5te+0toPJhcWKk6+7bHTLWyJkAHXLc4Vfcnfue7w7pl/3oYRg0n0DRGWHTmTO8Rs5tWbD2AQiq8F3VatClCD8mb/ExOf2S/X0tJlB0oVVl2dycqFf9pEi8A+jN10a1tkzR8sW07V1b/RlovqsH2MHoWu1XGcdfIvADv7T0y11E2aI8PYuPyekX/vgardEyibESDOmya7UrqW5q7cEkBQF0+G682elZvpi6vQ/X4xZkarsj6o75r0TXag9Frl0AjrvHdZ+H8n3yFh+L0y/f3yPUIUHPalIMnQ0LSV5HX5EDGY5buvvx9vriARR3gfRrPY3F6og+xwdQXaspXvfybnwVBfOoprhgtqvJW3wsTr/Gkxygbp2y6shqMp/uR+ipQRRkGTiBOr93/XiFz2D2SL/e4uxkdW4KUSN37qFsxuFr0mOsk7fV7e3jPHb34Tn9Sk8jYnVID5hqIMomRqbHyziOPEnYWYE6mz+1frzO5zBrpF/1yZgs1xFqA810212rks79AnjWIq0GGETqSLU4TMfiY3D6FZ9qF+xY3ew9qD3sgKmu1fQU6PZeIuzqhRbv3XzveMPTsXwxB3sfFfgXxeqQzLJhzLIZ4Ia+4h5qUAu9F+r02vssLD40p1/56bZ2wZvxPzBO92rkOgldjoFOsDpsy9U1P49ZIn2Ap2xKaDqFc3kuG4Sk9tZv33ArM48vsFnPw+JDc/rVn/BxAf4oCQjWjHbwu1ahc9CUPhEmOI7e3ot77PWGp2H5Yh72Pj4laWyzW82B1Tzwc9k6VHtIhQL09DXF69W92/fZWHxITh/iKasNXox6M3NuKJEOfhlsqlpOFsBqkad2HJo0+kwsX8zE3jWtf4U+eTZUde+hO63m3SNjQSP/eiyMm4XFh+T0oez+uPXnvslxkTRO72hydYdMCYddjItr/nx+POWN397yxWzsfbjK1RbSiXQjTpc1cn6izSR2LsAZzc4P3+tfcS68PginD/eUq/cjrTu1q8E4YSmkz+FIdLJCUCxuKEOwWT8O9/nMAumDL6HHF7DLGUzvHchZq9ABc4/YWUuqxjl8fZyRxYfi9GHtvnpfpIrY/bNW0RlC4TkIILR3Phgyrouv57zp236cxYzsXXvw5Y/uqnd91mr/45rkI4X7zlkBfqyG/JRmwunD23212nYWvjOkI3rM7YcBRihAvPeI/m155pu+5UdazMrexzvejy58Ukk3FDn9M1amTTvxZBEASdYfi2VWQ39SM+D0Mex+TL24feXudKmuoZE2rfMlIQL1zfdylM9qskgfx97H1Prj+iGF9RNq5LoT6mquSby5Xb/Pz+LX5vSx7P7+Xq5Ves04NZEiHdzGtY60uhDa6UL7/rga6/OaJNJHs/fxWx1Yp6McU1m2dP28bHIRgfq2yrLMzeLX5vRR7b7H+gO6B62h8N7BOVG1W5vTS4AIceXq0k/vNh9vMT9711gvd0KGJ043nzmDvcfPWTtHYNnc9sm363LET22inD6+3d+/bx3c0lT3MdIK9rkt6ToaOcGGBurbVTn6/jgppN/A3oeHlHWHm1HqYlfD9h1HoT0EfsoAwvP+FyjnaPFrcvpt7P6+WhjBN2VgGrQlD2HEjhPUaSoH8NDXsBrzjV71Yy5ma+/D9fiiUMvCLetkh55cbj7h8Ym+lofqqLnu7tfh9NvZfVV+f/AK5JCd7GBPirPqad04vYb69nu5uu7bHvujLmZr7wbr62cj/S2zbGef7KDKLuB5Xd7q7U6I029s97L8qupcVJbNH0Thz5m1cA5hv7UP8LbH/biLOdv7+AOrck0idrZJxxo5m7C7htDInCxs10cHbsYWvwanT8Hu5Wphn6gUa+T6NKcbHj7Ps4ZFWV7Hf7ut5YuZ27tl9i3Nfsos2+lUXv/J6uO26/L2b3sCnD4Zu1dg132l8WSH7jMbwaqsIavgAPOh3vS4li/mb+/a6o/fF7QqnUyXgpCIza3pUsALpA7W/7F7vA+LX8rpU7J7xbXVHg8K6UbdOyYKZ6TuXp3wC9srx2m3tXxxB/Zun6DcU3tAxemJMB3Qrp5jkQBu14/lnVj8Uk6fot3L1csDAKtzEcMEgI2ZSLnw9bhIeFivyqHe8G0sX9yNvZsnea/Qfo05cocnCNv1qrwri1/C6VO1e5XyXP+Q06W66+KsNhnAxcHkQ77pW1i+uCN7t6RVrnaLjVbkoFcqPRL9w+L7ati3Pb7FL+H0Sdu9uh5XL88bQKbIYWKChRwUCdsf67Is31fjX8N/ZsX92bu+yvfv6+fQVk1hZ4E7fdDzercqV2PNah2b14ubGWlou1eBe7laL7YbgD4dq7VLD5vtoorQytX7oPrbLS1f3KO9G3PtLVc+rtbVRl99OS0t7T37h4QfL+tdWd7C0uNY/FxOn8v+fsyHVQn3A+J/bx9qOTaAqHTc3w4P2z3Cy+pruLc5FcsXd2rvFQV8xfD7r/V6/bJYbLebEPAI/b21t3tjL76+rNfvj2XZYuGOLX4Op8/N7u8xAX6AfPVf9bXbrXbNjf39lad+c2uPZfnivu0tb7QS+vt7WeVjD/cd7/4cFj+H0+/A7vUd5G2vbuen38byxeezdzPOYsA3NnFeL0Y30nTsvhpXVZ+O5YtPa+/PafFTOf0e7f45LV98Ynt/1t29P6ffq92nfg3x0CLb+1NZ/BROz3a/J8sX2d6fbnfvx+nZ7vdl+SLb+1NZvC+nZ7vfm+WLbO/Px+vFKEbKdp+U5Yts709l8T6cnu1+j5Yvsr0/H68Xmc8/n+WLbO9PZfEuTs92v1fLF9nen4/Xi8znn8/yRbb3p7J4itOz3e/Z8kW29+fj9SLz+eezfPGJ7F22//PrM1nc4/R7s/ux6Xy126136+PXx/rj42V/Vf/tbxy+vq93u92hpfl9BivhsocW92jvsm4+Lh9XezsvFovn5+12+/q62WzCpp47AVggtOf7bH5uNg+v+wdtnxeLr/slUB6/Jmn9ix9a3B2flxWm1+uv1fQBbypgn6/NdluZf73avU/R9pc8tLgbex/A/X1v7Oft6wOdKrO0TB7i2Fg65DuoOVM/NxX497afEu7Pf6jF6bO0e2WM3ff14serNFoQlg1xmndjdnZsRzscVO0GIVRTpyrY34Hli1nbu9rN33d71t4+CCMtW8MFeTijdbYTWyTHGaFLYv32PKCf2x+LjyPqZ8zrxXz5vPrgvy9+P/y0jtmxgA6oDmMECfR2hDD5t2L7CvS71e0xf+5Di/nZ+7ilv68/Flt+umYwjsIFcpKPOKEDIZ74Qh4B7QYfyJMH8QIFbn7vt/sbIv68h0pOn43d95/01x+vG+OoRY700JyqTGZ/A58Ei+zwbTpLNp4BRLcAavn9N14P0yVvMk/0EssXEziU5BTXs0L4j59QYPTBm02cDXUP7XGb8shUk9JDvMmGxIPwCONU6XjUW+XgvZezsXjk9FnYvZr/V416VccrRkesATK0FlTnLhmM3twd/w7MR4D2LJh2J+Bcv93+s0f8YB/ktS1fzGVf3xv85Vlv6BCPWuQwbnZ4aE/2ECdpsvN8IBA/gD4vPZSb7CoR8m+NEPDzR+XclRO3eMPpA2H9mk9SQfyvIKNvCnFy0A5ELkc2Atba0oGd7BR/SkV0XMARu8xxu4fN9uP7+Ax/+kOLISx+7SfZLV6Djr7bc5NrQ1FOh+i6i3MZCdT5cR7tM8SNg7h/xx2Dn8pOll98oe233WpEn/6shxYT5/PDxHZbZqNs3tCuArra9gmrs+DNBDrdOEikz05xbedK75fk2+Hml29P404PP/WhxUTtfbj2gPlaZ02WzCUjO3dU2SxGF647hzrTaSxGjyc3QqCLgEJde5OHZM3LaOx+xg8U0/hFrKvcvXw5fOrLo8mRhlWB+vDUUa8ZnN+DRqAGXJ/1gC62jtbBb/Z1aKfH18tmWe8dP9arSe7y+wcXk7R35brtFg8xSxaQOtS1blZrZxBhzVYCEePkyTzCTwMD6GpVxMdHng8xQqCwXx4t//ptV07stM7jg4tb/xK2xb9/bCF+eoHG0QK4zVGqQA9UFbI7GOfsgQjem1XFgM63f1AePbShHFV19v+/HX9x+Gu9G8mbP+XBxcTsfTh/4/u/e5D/gYcPj4ZHgZ6hiYGBHGkI1tzfHqIqj+hRMh1YjE5DeggotwmeuIMo3FcWr9brH5VeV8F9Yrxe3PoXUChf/fncbOtL5ioHG+hHhj0EVTQCd/Q4M6NK1hLxFsQhzOwsR/LkdDVyqFcrdr90337/uZrWLl9MyN4Hm398qe29PHxwIepfnFi1M0ahKcN0cFi9vg9ojG67f6ADArLdUwUvhu3Ht7F/3POvcjIWHwDpF6L812uzOb5xpUxkvMBMoQcBQ8tPt1i9A+g8Umd3gJALGg8iHN/BW7NhLbdjoP0GSL/0h/ch2itgjfHj39Qda3EoTstslkCEngH1kGJ1EetbQIfGR9fOH3mGAGwJLFuTH6S6l8lgvbjVC2uP/aVFOQN6/NSRAVEH3UJUJVBHTLF6H0avIU7YhUn0fN9BdpB3k5L5Y/tUTmOXLyZg78PG/rGB6PbSD7D5B5PIpf+uqt+CIaR5rK4YXYu0Mn4gvjrxIcX+QuL2YwhXbH+tbm7xKyP9ApT/2u7x8McSa4QHliFHGn+pw3JJwoxpLYR40fqK6k430IEpBTy1LvZ8QPbiNcprlw7fvgwdt4+I9Mv8t2OQ1lDgG09eIwvIgwy6EbjpGcJbzcw6ThdZSi3F6HTPAP7LcacuUNkQSA0X2eV/P5W3xnpxe5yv/t3D4wCENxl9Aa9OJuVrArA6KaaENJPVlXrf7ub8CGYmEdAyymaL0RE/S7s3m/z+D9h8ey9vi/XixjivyLyG+VvtrvM0uXDGWm6XeG3LXyIsiZBmszrEF2OqOymAa/48PnnzmrWXQQp2tECI/Jmbbf6QhPs1WPw2KtLP3tm/EEdHySzM3BE9IJ1wlUFhHS0u1ElcIGR34rbzPDolbqMZisbygMgKLQ7Be+2mPu/KG2K9uCnO37+RpBQFOjdmoAI397J0tgyJ8SCQVEqQ3E5XEnDdXbnuJH4IguOpegBCHSBQb4P3wwLffL0h1otb4vzpKMY0FRLCBbZ7jnjaTBfACVblqokwZiCvx6tgzaqLJn/TwBlI14zN6c3CAiTdc8c3XDw/DejHD4z0C2Lzr6FZ+kI3o+4ZUG8NmLMOQeptXAXXfqCO1QN14QJa7W4Ez2TJqTLNAExNIKI8i9mjH78Zqj9mFKSfx+ZP24IkzIMV/hLxg0RUqgjCIGqCNdOKStcHmcoLshFCyaxEjRE1tUAS7K2UR4qsa2UWhmT2AZF+NsrLl02MYoKMo1Q+tLZ9sNIlcivm1S38MTLGZ646V/FYjM5Zw9hMLO9dVu3FSouK1pd/ID78eROsF7fB+e4329hpdVukTla3Qj64WB9noThwb4AVvgMX85h+xhNpmtKpHACCuAOTB0nRHARRed8+x/GtL7/dwocvboLz3d9QlxQt0RDNlTGhRZghyQThmyPzBoDnQmgKxUi6S3wKSrfhDBzpbW2eUe5BI4ADtRW/b1CCXtwC5+sNtBlHqXMr1z3IxkQInuveht20W03XyYEVVdOYPvDeVhCcLuGMQfXJkG/JcCMu7qNDs92VY/vwxcj2rjS4r03EqtlbMTpwEqeDBQQztJZ2ymlkqlS64ZrkxVIDlG3r1HGM6Rsl2oidIMRS6Wqzg5+/ypGxXoyN83L130M+7S0G52AYgfvP0H56aqSEgm/7yUcVXlU5OlE1stBeDiEiqX1QugzQb8XKCmPiBRCk17V065FV2WJsnO/+MrZ2sXcHOj+CamJBajB8ipB27IzCV7EpcLZIee9BEjN/BbkJgPBVQCcN29jtn3F5vRgZ57tt47pyI0KQDeAqy4UMtnS3B/Xpgq6nkTgHFPWtEAtfYm9j82rMioEFclz/Jco/otb09BI5WH7xOKYPX4yI8ypUe+BdSqCkNdZYBBynDLcoFRyzCDKOk9A4l85625rqIh2U9t7Wzhnau6jEizsJt/0B7P8dE+vFuDh/bQUZ4cLpcFzGVnw3R+UXCwef1cjqLQFM710oLYHLwQzO9e8IMm3A9nLVNCtzRIhNN8xiMCX+Skg/9/V3m5bOlVNNIKWzXCwJrnQzOz0iH6hwDsGobwU+a4ZvEmQBAXfvwNTe5TrUUG8eu3fi/x0P68WIOP++hdiOqCDMBC+po2gcoz06Rok1YksAT5EDWhiLwRxNo7R3VF039BnlwDL2WPKSdbb1W3kRok4wVjEezld/IzZ0zqtioswVeRuUjqIK1hFZgZw5PsqosKAPZW546/eBiB3kApKSgaHIdUFdbVh7zvs6VrxejIbz1V9F0/QRJLa14OUbMpglSug3pghhjY+fQZFP4UqQ8DtAym6gfcFmLYGlEQi3gbRyHGhvPZI2V4yC8+qPBbKeRAhMBhHpaul3WZQdDM9NNqZIJ1CUz3Bpjc8TMgiDpVOtVjb2LWvkhaf3H/fAzdM4WC/Gwfl7+a1oa2QQlQvFgeT1INmsbhiI7RDBbXMRFW086aYSZGK6nFU9B4LurYUom+yOL3T8bB6Gq5K9AOnnvl65fmtTqZE6ZdDstRtaBbAk/y0Hf8rNXoR7ENyKNrvZ0VpmPN5ApvFRsc7OHlm0f9gEf4+SXy9GwfnqaUMSLCj70mQSVNUwSiYO7mYsnTV6H0jxzqpoUwGgct5B+SS6cgaMSRhy5Ciff3Us+//j2xi1NMXg9j54cY3g3ha6CYOoCQK2884kTyRugTU7SEAduG9oV7RhcptRbXWIltgbtXdANplSQp27HEePZzcC1osxcF5+ixkWPkzEgJGsOTeE88DbQtHRaVCXPqDlRvAJ0AEtvuBxeiPFy6o+Q3t3hAQUyyY0CfYvgyE9Gq8YAefvT4GmWIIsUxXtYEJRY3DTHaccumi73uSlpIMIclaZxjnYnM7HxRrPSDndceDFYqyQ8c/AFj8Z6ee9XrlFlkttuROMGFhVPzUfKzgxlO534X9yLGvvnU+UUDsN6uhK9s6A7lrtmGPHnMbAS6jC++BYLwbH+ap8gTbBAioLDaFjJhCfDwWiYZF75ZiEuq6HRV5KT+rUMc63CKrMkrwHtU3Z2jv0gvrhn8WPwSsqiuFx/vRKj8myY2zF6N4MAUYKqNxrGeBT4jRYg1e0IfKsGx8xjLogH6X7DlJ7dzKBvHWe1ujtP6mf66H73IqBcb734hZNlkWDAHxGt51oZgy7DN7YJEC6TEHMCRENiUq/sVpv6BvQg2s9qKtYneeXD1/PQ3tyxcA4X73v3qRmpdsZkmA1ixWtiTKpTcL2EAnSrWeweuGFw029ecN7B2O/kA48LRE8SnNPA0+rKAbF+QHo0IbnZBITJ0xMs7LlpSGqPrXkT6q9Iu78dQCmnkGJsk3IDQbPaDUf9ARxAXVA3jtX9/bh88DziIqBcb7aHZ1SVhGKot6EIEVBzdNd2PjlHptEcBlDzBKRDGACXewEUm4QnGXl95iiGOhY2iW+7Qa1eR+kX/T8XJcJfF/jdUopRtcmQbT615NQ115e8yxG/gd0oG7RRGLmjNNeA3JLYBMIj4rGYkhW74v081+lqoR8M9vPezK6w4uqYt0BuThvDXmdnOhH0c9g1PaAcjTArpGD5FoOZCx9203R/D7bG3P6ZeuqXMfSVwFslBVNaUYXcg350BM/G8UTVl9FeqisqFq/sNThlL5jABhJFiGAmcsXsXrzyew/sUGjtl5Iv2R3/0J3doz+iw/0RLStLEp7U8yfIiUxQeFcdpOrHxa8HXgQB0ntHZIVuzpWpx/KEheDTgsvhsT5/o/A+1IF0HvG6KLERiXPkz/LB7L7de8Q0CR1PcdOnuEnXDaj7t3hq7YYk1QYHJG+GVCV64P0i17jpXn7JNAyRzUlGV191HxncBhduF8BE3XvtOtNYV0zOjpAN+veXXmYOPv849hbfcXPtR8R6Rc/e7mQDejimKW+MTom9Zrkz7aBNZh17xDc5wCxV5iVOUKRA197l8sRkB3cCqzT6eWWnH7Zs++2KHhQHLPUi9HN7Vsew5by3NWaAhuXqPhchWoy+wdM4GFeAqTK8xqAy3bW5ndZDOnJFQPifFU+/VziEtgR5rKKvA+jm0tCtbU7OHU71P2KNtngQsQ4/j1VLiFeEBEN548o/7zTon0by0PQdiNOv/Q11rwpSSK7L6MbPYVINGsM6KTh7WSXdb5qQGNACRLFlxa/BTmk1Jhtkey30wtSCg8DzqdIIP0Kz12u/uGzo7R41ZPRDd0cOqGOxicLqocCdEUbi/GJQRSj65YKx0sIZg0Y1yjoG9p/aH/eiNMvt/oPtrkZju65jK52BzSne7daG500qpQVuUXrCdAqRlc9t+h5CUp7B8nrbONrf6f1gJm2YjCcvx/qpJaEB+loPgjuQQpJ63q7vpW/VN8DjbNYOdNwujIN081UrlV0uOiUK3rLSacdaLvLerCq2BTSr7G/P5B3rM5P5EemnsLoaOybaLC5VdBo4EyGXcEonWBAlBXx9skOQPc4MGUf0POjm8rB9dje+7We/fFNMzpZ2mC1LHuM3pmGCTbM2WebrHv3t2B9oqNYc0wnYme4gOOSkPAhegPxawkvA8ZsxXA43yP9Db2gBJHVrZ/F6AlWVypOIDNm0WJgsGtpafWcWjUtcsmwClZf62bZvMa6+PiPcb336z37I4rBKxG2kdP7MDo61oSeDjwEO15Gp63M4hDrJQI5G8LyEmycm1ovfyfLYqBT3BKcfqVXeKzPzdTTOwSndzI69GN1U5ILbmui7kcxsc7iTejF6UbFtEc97Z+N9H+842NM7/2az/645GqK7BYwj8ztcN1tVrfGQoGCutmaGKNqPaAEqEthvERAcbIDnT+FxvBaw00MqiOgyrPB15E5/WrPXqLVi0xBYZJxf0bnggs62nlwxw2Yipy6yAuh2beO7mlNSnkHK6RE9kPHr4/BJtAopF/32R+XBrGyuX4dXKyD636sDk5wpMrPVdGThfbgsHpAsdyMXraurUot7uMTLuFjNdTMIQvpV3yFEoVoqkrljBSZUfkCfVgdREWUYoEAaucXlTMdYq9k/kS0jaHLS3XOjG2//VEOgkON9GuvKI50FBXE8kDUHr5agtXlM+noDOyNO3Q572ZLKiDtghU5JfaMRsFOMCU6tnsckD6UJ1cM6MfVnK4D9dhIxoYwWZyeSEfbsbpZ5cZ6TOOfTYpfKPSuHuimzsy6dyBjrrWvbhwzwfaij3IgzuVIv/6KUpxOR0dEr6dTuEi5eYlYHeRLuxWpzI1Xf1oVrPL+ltOZ9o6y5MddWCIvsayRfnWrGJx+5VcoGYhRfLL0NDS1+UEv6T0Vq0vhw/TeeQQJpveu5j3qia+J05pO+GKnT3yUw9mlGAznlTiz1Psw12psNtVpsgTMe8lyQE5Gpc1prHoejV0YpKuoT4ACr3JGx3ie48562w/ee/Ex4A5crAbc30uj74uPXOODFeXsZ7/mvR+ryw9U0SktcEWzCjegMe8x6GmXTHBFq1AITWKn97LHioTLEEgfxks8IB14vM27Vz1w8kykB/DeCrz0jS2OBudsTgSzL0UUSctaHEAzHk3qcuRpqizbcFFVMeAu0iKdKdiMUBNlqP01OYvVnRGx6FTOgCMXJOY9WgtNdsehs5DAwj13Hz5Ww8VVxXA4PyCdvEVFf2SghCGhCb+/D6uDu3HIulRjYmRIvrxmdZG6NbrjUpzhNEW33nvxUg7nYRerAff3khUKWQcQs2UAvojRj9WtbBmwjdP23nmPqeX6K2eUI7WesYByYmSnxiBEA897v7KNioFQHhU5jnUa0gIfBeHLFwgXsrrRZWxUtHk6inoha6yt8t7B6oq3YM/br4Apcle3+JHTB9rZFdJ1dkVwusQ48+d7szoYNfCAXsjM5707Ww0YuwOroSepGpGhN44gcm6rHpyP0jbZlJFOFTkgiEFebtJ8MOASqrLpCbG6NbwTNLr4TxmKHKNgEG+DVc6IudKg1pJZ4sEYXShyQ/B6MWR3ZMnbC5B7qIrT0flAoJeuZcTqolJHeYsyJ+ZWw0qk0xp6fpQu9xJ6sLrJ6DpOv6rlh0M6VeT0YfNA43RAp+Qcmfx9HqtzMvbjdAzOryADOB6nC2pgRbG83jWZUpfxAFgHusyO00HFtwane3489IK6Uy3HImzOJPYsKE8QBL4/xbWqa2is5peubQolp9tmngWny4b9Dk7XzM7HeJ2hwBOtTPayOdq7Gw+yjIGonGGIdSHsyO5CDbA4/Xq8PjinM+2dlfUbnA6OD98P615eXWIpriZRu2rbhS3Gtj4eOKcD8xJEQT/4Dirfhbo5/SqWHxrpILdGIpQoTpdczs5GO5vVrThY9KNoKU8O+pPlPhr+bB4J22AwmUWX4yyP2nvx8j6IxcfidCCBjRyKafWNmJrceazOill1XWowusmNRJ8I7DV4AygqIee9BEhH6LaH/7FKm27ailx8s3KcnOB0k8tlfHWyAg+0WUyKL1acbhgnVoIw8JpyUPtc5DUc6Um01LGwHV7KwXb3seJ0sxqWczq4OceemhzaCrz0I2mBhNlNboyyQLF4A7hADRgQ7Zp49FLpxmKzFbkrWX4MRU4wLe9PR6Ov0Co8COeyur3nsyDa2WSBUTqvqrCV9+PbElxheu++N0/q3gew+HhxOh/3ZnK6XTlzQp0cszAEy3HWEyHsbnJTz0MV3gsoGy16MlLvXtxG3fsAlh9HkaNRk8npzh7Hg6UzYnUIftLVqHu3pAL7VegqFSTW1sRa4xKsEhqDU2iN3PV5fQROt9oFBae7Tfun+u9qsIfl2/FYzNHekwJBUNg2cN2ECJDAOXj3dCP9AquNyelSvHJr5Oz20XNY3VbIzWUIAWxb2IG1DN5b/95oy3JK49Bf6mlOv8Di43I6iP5dh9PR7wg4idWjYCoZXHemmLm55FxXPi4kQDAGwyE/mbVLfJKrrdf4kckiPVbDAlVoaC+b3eZj78a9WR0Cmu3KDKJEvgnOvmsWVKvQnDK6dM3J7wFObKruMbNs1+L1UbR3WZMUYebk08GJ1E9R4OUKAm+6VMwMWB4WOC9h3/IO4u7vthPvvY9hJqnIsbmLou1LlJR5IU27TSZbVxWrG5XUHHHoTXIVv4xXcMNuNWlww0NHdKcluIn2bk4/0+KrkbV3VQ0L9CSTkGro7VcRy1jdwE+wNwWvcsYNGxygg92gZaT3+nz1Hik2Ye8dhPdu9LIB+vXvoNi1k9U1d4qKSdFwHryXNTon0LqFwfwd+S+TmC5F7/OzbNfg9VG0d7rPkWQ2ojU/QqtzJ6pyHhebxyoL773PyyYYHVK/jD9byko4faxO2bKnxen0vQQI0tFNuc3qg+oAuLBSYHMN7NjQnuSqLOOUs5Eyu6BTR7pYy/x1HfE9kWW7yOKrG9S9G9o7ICbjmFO6V31/mUoEooALgtWW4L5sB9DBAPoJvzoQ7/19KKyPrMghnS7V5NdMtxmSkOvB6lruEjVyBqe7QPfK2dgroTm1kFs/nS3E07z3c3l9XO09mF2rYHbxGh/FKVA3ekgUY9RrQQzqx+TL8jvoQEuf0Zt1CD1hfjLST7TgqFk2FGfEB+TCLGKq9h16yHFEshXfMisw0TxFTZ3kwqpc3BjdKu4Rm5SfR5fae/ExjMVX42vvQXacGAXnjmfTH+mATmpLn7aamDnjtNcEYwZNh+uOwe6N9HJscA7ST7L8mHXvbTFcOGmOHOH5XjDXOruV2G5L3mQmSMsFvregXHdwa7yC145tUtspnH46r4+kvbPpqxrpvsBqCeGp6lKa4xbBrzcxMpVlk4EAH0pN7ZpgdOSj5nvgHE9Q5M6w/Bh179DSGqA4Y5U67+DKFsr3Cn4tJUnWB9UYambLlNkU1pkzToNplIfCB6uhSqwAr0+TvYceWbazLH6DOJ1AAxrVHbCnHQnswNFzyBAwA0bBcvKl9g4p9T3IgcDAXHc7Ru8RqRuqQs8s21mWH3MSheHtkvA9iXVnz/TxgujwvKrLsLR3o2inI71mTZFKbPbJXnU4ndNP4/XR8unAFDlAVjnjKHCdFTRuiRmfvog8BWZWw9rUASLeOF11Tybm1Zs4sXLmTMuPNYkifkq0y4k57x3KO6FYO9xFox7O6SJv7zG0d7sSUibUQIlxnYMUetI5nJJlO9ni43C65TbFHm4hendhnVOsj3PpqQPGHlW1H/Ce2kR7TU+g2yXbkMC29YY+Lih9nJIiJ/ylWPcOHVhX30/iHLySCDQe5c17Zy8MOqEmmnV6aMZpsV369b2zbOfw+gicLjKefOYMCu/dFyzAKWaxC5eD/p72F6X37qYA+gMdTmJ0X4w/XZE7wfJj9acbk7uawD24tgN/A3QMpDNqegZUp/ZudLqIWjfRPoPeOlHhobOklSh1jvfey+KrcXvZFCgI0hMTKDocamduSSJO1/tBYgo0kQc6gQ5OjO4BPd27+nHJEV03994pOM1qWAyuP5a4L7VGrPG+ZmxIdZOQtIJT6+6VX8g34OLcIffTsmyn8vqI2ruauwSYIlOv1Y9Joi5gdFc5Gqf6GF2rTtYznqxMgd6VR1deXUpKvEqc3svyY3jvzHHSilzogWsb6+iXmFql5mj2T8i6dzNah3iysifG+ao7YrIx0xKgl2d6750WHzNOJ59U+5myM1wgpCvlrJ6mxHFtdj4ddWsi0nnv4AcR7ePlfEdI5NElo4PnJ14zTu9h+XFq5IDuicGpe78E6xxoYA8IQ2uEUJP1hJAIAJE3q5B7qJOSOJXAFZuctJuc935dXh+vly00g8FoN6fqT7dCGfAr5zocL2ugmdG1qndp3RJFDuiI0AdvuLRVqelWWFve/GXee4flR8yno9HgiYkzXLqwTlPdYMTpRtmTXF1074bg+1nID1GnJXhgYNd4P4l6H5Pi4WMYi69GzKeTSFjG6WbEk1Dee2E9WBAKkAjEzCBPeWZtqMnGBArM2t5/Miq/cpzeYflx8ulIIe1p73Amr9MuKOLjudo7h2S794bUL8BHSZMUG3aVTPtbvgI+ub28GOkpzh5tNqwe+OTOe++PdUvsAia1sP5HBclWe7dq5MxC3OZch8BHwGJCde/wPpyvl/Ja4LuV986hLsaDeP3p3mRocIPgZJWMNeaJbtDgHATJz2YD3pgFhsLmupYh3cmGnfPer2Dx1fj59K5qWN+/6cvr4NG3Qj/x3oH9GuAN4aeOSNva3hmjc/8/zeSc01fXGut/S0UuVsOade+pbHo31hXcNJK0hkc7EdLOlmrAQ3Y+Ww+XDXpIy1fIsvXh9XHj9IDezBkP69CJdXugulHmaPiL4rQma6MVVXKIohAoQKfDZudgxuF00/LjZNlARUhs5gykUNwT6yJSR8P/Q7NPyud0q9mRPjxKNQnV3QnV/X62C2rkelh8Nf4ZLioNbZYg2EXCJ2Hd7H52Z85ETrfaa0hKjw7IsZ0Hj9FDj+CT3fdx5WN1b6XIydmwRi/bJVinnAAWZwhaTfSnWw1QHOixcE4tjm5KTxXF4kU1cv14fex8Ou1wwUQ+/TIfnnvqlnjG+MbucAGjSs4pBYKTGB2cfzFl4aO8qilupcihUSOnjXE51hNlayoaTmrv3A1sHq7Aj9AZo5suhplva6ZLXcl7VxZf3WDeuzEbFjCN7DSvYzB7X8zhvo72Dm6WDbQiB8K+Qq/rZvSe1XLXRjqz/HiKnCpfsWbOIPozZ7xKWXI76InsPOGjZlPQ89P9FxClduQ+rtf1xTnY9TIkTi8+VoPt7iOe4YK8+Fz1slnapN2zZD9Kp/DEqvAajbwaOUdZlRMwJdBtRgeflsxquesjnVh5REVO7KKI6OfTHcAkRQ1SEBE4OMHT41HUyCl3Sm7bIMf7B648dLjufVJLA3A6sfjYcbozGxbRTzd6eXZwdTvPUwdM5NPt2bB2e4paNbxENsnoKZxLunophwHi+IocC9DI4asp7Lrtfo6jzXrZZN27MCctZgoJh8IopyCc0StGT1d3K//jKlk2j9dH1N6lgcW8d0io7l28rrGuTlsU897poww3T00GAy0CtT/VL0bvzqiD8N6HMMzYihxwrZpxehq9Xa29xlmNVq8UghWIpbR3FqWbsTiBeg9Gh45CuRPnvZ9r93Fr5JAeuZA4P71LfevodjMaxnmZS0flDJh1M2CQOqI8IbxLde8G+YCcXlt9TEUORMG4WyPHHZs+WBcnMDMetj361rXkcbr91L66HneQxFdI9a3ZitzVsmzW/j5yjRx6Z63qmLsL+YmGAZbn1hOnjMoZcI6SaeRadGLxdsvyGR28TDo4OD953vvJ15g1coFPZfPq3m2cp7EOZiimJ07JhKnQ3r3ynWCP/G8OoOo8gEDoTB5LnTPv/ZzrBjVyogoFsXvyRFfuTbnUrS3tiVPGzBlMHCVjnc0nE22JOkcI3aczqW3go5wj0pUiR2Ru2uGSGL/cjXWnxRTk6YsQvLp3lDNnzKd1amPEs/jjqUyYgzkWdXDv/YD01Xhz5JgrZE6XgpPy6Q62mBXAD8ka7x0CmgdMmKSs7E+fxdqUvNrqtDs/T6RrRS6QmBdoPh06gpkuXrc41IgEkVXNWNq75yY41a5GH4MD9qQIB5b3PjDSx4jTzWpYGaeDN/I+wevm5kgYnB+1paFON2m/YhGTG30P1wxcR1WvFZg90kEHTXISRd9572bXqvWhebKqngpC1JPkb+EIcmr39ytv0iNW1HUnnI52NaxlC3BqZpKlLVI+sw5ORPuuzulS7Fg1Q2lzh1IZmk6aqgbOsg2M9JWaAg2sGhb8mTP9se7E96asCmaHC+N0vyzH9N67it31pHq/KE79OUCW7SacLi2sZs6AWzTo87qeVQEhzeCgvffUvHclsRo+ubFFGHlUPOVrqCzbaIocPfUIu2bOwAlYd715cbZDFAaMtkT7rFVU+UFjAbSwNLYIvSv1gPkoWbYRON12qp26d7tt9BReh+CShrG2zHnv5pEBZmW7dPP8Mj5zfGzya46crqdAU2LtnDnjIzmNdbqjGBKJXCW6Q8l/QrGps2Onuo6OlJGdR+cjZNlG4nTm7KRnzqBzhBV2Yl0luUFrPob2Llej/4SG924n0t22RP7S4Px5D1k26QGjyrKhN1zvdKwTZAoSBbW60Oplc8MDR3vvMUNIhuqY1J5grCzbapR8ujEbFtHadSGB5J5YR0sy0XkdJJlRJ59uON4ygu88dMbM1Xkwp977bJGuol0+ahHNY5LOxTodS2gUm+tT/3ScbmM9VTnTFXo40X46TB/We///8tl5i6Qv6U4AAAASdEVYdEVYSUY6T3JpZW50YXRpb24AMYRY7O8AAAAASUVORK5CYII=', NULL),
(2, 'admin', 'Admin da Silva', 'Other', 'They/Them', 'admin@critmeet.com', '123', 1, NULL, 'iVBORw0KGgoAAAANSUhEUgAAAfQAAAH0CAMAAAD8CC+4AAAAh1BMVEU5bd5znu9ShueMtv9jku+EqvdCeeecw/9aju9Cded7pvdahu+Msvc5ceeUvv9rmu9SgudznveMrv9Sfeely/85cd5aiueUuv9rlu+ErvdKfeelx/9aiu9zovdahueUtv9rku9Keeelw/9jju+EpveMsv9Cceecvv9zmu9Ccd6Mrvdjiu97ovdVcBQeAABAGUlEQVR42u19C3fayNKt8ElgTRY34ay4sN06yzP2TBYpf/P/f99FIKnr2RIPCQm3NZMEjMFQvXtX7Xp08b7K12e7ivwZfL6ryJ9BRnq+7vs6/FfUf+crIz1fmdPzlZGer8zp+cpIz1fm9HxlpOcrc3q+MtLzlTk9Xxnp+cqcnq+M9HxlTs9XRnq+MqdnpOcrc3q+MtLzlTk9Xxnp+cqcnq+M9HxlTs9XRnq+MqfnKyM9X5nT85WRnq/M6fnKSM9X5vR8ZaRnTs+fQUZ6vjKn5ysjPV+Z0/OVkZ6vzOn5ykjPV+b0fGWk5ytzer4y0vOVOT1fGen5ypyer4z0fGVOz1dGeub0fGWk5ytzer4y0vOVOT1fGen5ypyer4z0fGVOz1dGer4yp+crIz1fmdPzlZGer8zp+cpIz5yeOT0jPV+Z0/OVkZ6vzOn5ykjPV+b0fGWk5ytzer4y0vOVOT1fGen5ypyer4z0fGVOz1dGer4yp+crIz1zer4y0vOVOT1fGen5ypyer4z0fGVOz1dGer4yp+crI31YNiurq/p6bK/D1+EbmdPv79qbdve0/vV18fy/h/CGAFj8P1y+hYft8+Lrx3+edtUjPol3c/9IP6L7z38W29e9sQsE3H/9sb9wiccvKPDt5+vfv789rcpPgfm75/Ry9bT+7xbp17Iy9xtW/y8r+8evt+1/13vLZ6TPe09f/7P9CUc719fR4M3N43/trT3sf/61+HXc6jOnzxHjfz5vIrqr/9+wMXnz1/G+aP4j4Dc/fjUfUUb6jNZz+ev3BpBAmtm6+uutvfWGyEBffW0qvGdOn9Ouvvq6fUNssdwaszZvOCI6xF2gYfgluf369U69urtE+q/fRx99Gf97a4wcalsH6683bHf7yvIF/v51Z3a/T04vy/9sA7b7erOPt6au/x1A271B/Vuz0e/durcv6/2+kZE+aSZfrTfR4vW+TtCNELiR6V/HbyyJ43f49+be0H5fnF6Wv7ZIvbFGfmnMHtrbFdAhAn7/dyDbwTJu89XX9s/7svr9IL0Kyv+uA7MjxtvNO1QAj2iurE3s3/4JQdJAY3vcPt0J2u+M08un39FXx+i5cXCTW7X1m3truAcC97cmgN//sXi6H7TfC9L3QVqIO/uy3dFDe7VIhxb6eNzjoTF/C/dAlku9iDB8zZw+MZv/uYVWZ2n3aHCB3tgbyeOO/E6Rj3UYcPTnoaL2jPTp2HwRWnkFCa4bYEO8AxqsH24CC9sC+VdD9aGV6ve3/jt7Tf5+OP3P16INsAJx14MAOuN4Fac3WwFEg0P7jEfOKF7/cw/MPn+kl+W30CZTAnHXoUZyw+G1CaF24KGBOkQmb76NEPf++o/GP/x2B1afPaeXT1+QSuaRoEOLVQJtg9XrDR2Itx/39iaAb3Pw+OVp9hU2c0d6+edDu/mK/ZpYOnrw5DaICL1dAs0t4FJdExps/jPj7Ns9cHr5T5scfaNgDsS2rfnBYnXACHTyF3XjgUvzGP6ZuVIzc6QvoEY5g/iRpwXUof0uUJ+eSLRBxOiB+/KhScIhLOZt9Vlz+uqZCOwR48AMLVncYPmGuFtqp3sEBXqj8uJzRvqNrt3/wdEGkbAJTxusDiarh0jpoQ3ctadHXmWJxf9mqsrOndN3r0DyaERsjamz4MXmLH5nfzfUz/U6EsHVfvzrbr47/FyRvg/VArbZtNDSeIR6fbuR3SKLQ8R5EItF7BNMy6MrqOL1t/nmW+fK6eWfG5o4R25FoJmWgEgcu4DtYjjYXwL+GJpTZ4CLeeHo0FWh23quVp8r0p9iyTLZiluoA93EmzC9EdtE6q2l9gBy66/va5+zfcRxj58h1ufM6RXOmwQqEnWVRlgsTmNLogV7kAk35fQhkWe5VzBjrM8R6atyF6LJqbMGJtR5Zo2G7UCWBThQRwZ1IghU6sA8ffg5cnr5tGlz5zVhK7sS6zJoiyidGletEKDBfPQNSMiOD08Z6SMhfdtmV0hK3GV1Hr1xPY6i24K6uIeqdkesb2emzc2W07e18BrrW6klSe7EEOTsGJ1QRFDOQOsugPi5SpUt/spIH4HPV/+2koyqZ7Ogzl0z5sgLRw8CV+1BxQWUP5oa+UXm9MGv8luL88C0cqW4WPlzF+jAtFaL5JVfEOrI7Z/ZVc7NDenl+q3pTKMFLz7Uxb4vqub4NlGbFhiy6Q2Q4t2hIXJO+fU5cnr59EqE9hD1Mia1ts52D6CD4edx6T3oajskTVBLfH2aGdZnhvTHbdu6QsAMaH5BMKANWnUHpd0A12yAb/OhJf9aLtjOLFqfGad/a4Q4ZkdmWoZUuh4cRrfXRayRdVz39q5qh59ZteSckH4gdDJTQGrsCueBVr9ajjzwGhv1fEHrc1ytr7f4t9nosTPk9NeoynB/W1B6jLqhG+jAwU2eheXl7fz7scUVXzPSh/LiDhVxSxo8k31XETvLnhkxunTd01AXLj8rsF1iMatofUacXv56w1jdHqRRFdYB2fJIiXGgk60sIwPBfBaSejlu8BnpV79e6eyYFn8gsCphyl00U3XvZnVQawJjIc5hKb7Ow+Iz4/TyX2i0OFBCiQV2toN3iXFSuZfCLbYpNkYnpFR2Rh78fJD+/Y3Ut5vutQB74OSuGJ3K6gbUI8fLMB1VGvcw4GY+ufX5cPozrZWJGW+GcNHZQpxwoKY1gC5VGzAKquofoVoORBUef7zPhdXngvRy3ZqcZcY4LDlog6x3svbsLlZnZVJBCPHsed7WmdOvzOgPsZOlLk0nHrqCe+N60xpmzuggsvCQqLSIeflgLZdQV8O/zmV/nwvS1yyfKtV3zssgoB5kQawumGQ/60E9hgqg9N7DvXPR5WbC6avX2MzChgtIZmbOeCyh4WkUWRHDI/UEqwd7uYQa7HPpepkH0suPtgEdeEGyhKWO1G3VnRXQeqwOktWpEMjD/uPv95I5/YrXhnetKXnVATuSWRKpPLpkdpSFOCDDAdReQlUcm5F+tbVZrqGdNBEwAXWwYu5gFL6wPDr0d+Dpfk6eE+povfiYhdXnwen/q9LWIfpZtIsc0WF0Xlnj5NFtsFusLjU+JdZWf/ydkX4tRl/XA+KAx8rC2QaHnAMqRa31wz2wp6HOQ7x2pGwVtk09Vp8Ppx/FODY+hI4ARXTcd0Q1QE7k0Y3oPh2r2957LJP8MYf9fQ5IX5FCdyszJlld7LtBFb4YeXT5tw11EFCPa6Bhdfw+A6vPgNPLb9BOHuB+telrcwwzJCby6H0UeHTCPTqmAv6ZQV596kiv/ti0de5o6mjBSLRBmwpts95+Hh16JNt40k0rcs1S2GROv8a1pkGSWeRuymq0hjV46TWwGV3WVAZODyCWCJ0iu5xB1DZtpB/++M0r3UFzd/BwjtbubBfMqFjfLaGR8R6EuMdXGdbM6Zcz+k747KjddFDdbEZlG3QAXTj+vnhr9FbE0ZJL3Ex/duz0vff1sQKWQg7SrM6ImXp6HXn0PrE6BIRgFU63gQJMen+fB6eXX1CKK5DGJA+30ZgVB54QF6wULBjaL18ppFJu/8eXMlJTRvpZ67IMTv48IlP1qSjdxGN0SELehLpKx7YvAHXjw1s59Zht6pxevrDBYYzTnT4GORc2gC6G8FX3YDQlS8cdTEZvY/UP6oZmpJ+xuy9qm1P4gUyouTl1DnCqoUIS7DbUQek6ZM3FxMBiwp7cLDh9d+xNhqTSLuvd+GRvr2BGa3hGIsUacGG67u0qW+KWfsQZ6SevydXTG6mHtOJnA5KnMjr0hjry4gtDBq6+fq4n7slNnNPLF3oYqmo3ALMDjc/5TsXoXWA3FHgmAClyCVWagBZIZqSf4cc9kzIpweqdUNf6KfZR3d3nhYBS6KXjZqGdOPWjnKzF58Dp5QbRkUKs2XEyfHcZHTpArp8XgpBpOdAb9B9usAL4jPRT12VpKuuhq6qtzbCdpLp3QV1gvD3gjZ3oWnlyMHFPbtqcXq5hyT9tNVREVcrRITGy+MGJxw09z8irG2zeLAaS4IGqgGbiXQ/TRno1KbBV28HV2m2nvqVb8JpaTonVwV8ryFPre6T/O9nJcjPg9NqPC/4MKHtYDKlW9BjdK6C1hH2zCQqsOL1+4MQr5SYep2/F7kn3UxRzXE2M2v3ovRmdpddMnIv5dEeob6cdE02a08unh2b2hDnW186IRTpOpNdSYHfypmylWWswQn3iMySnivSj0dfBGDYRQJvA2H9BHqvYN49us3rQl55Q15B6WGdOP/f3K9dxPCSK+XBq3o+aACQPUPXZ22N04gXymFGJvVyeW+7d98zpZ+G8EmFRN7CY7EyhDojy5FSP0ft9HUZO2LEeyMMBarO/TNqTmyynH/5bkAZlPptZVamjrphBDB2MDkmQMwfeXxMsYVt32U05uzpNpEdHboFqiFc8f0HnzaPDDc1cx05G74l09HAOfNJc/Uq/p4r0KXN6/deXdugIR7HxsSvVvUE6mzDTCWrrfmST5KwsmxghvsQvYvlmpPfE+R7pW3DPbVA7LC+aC+TsRH/CTD9HPrRuguW/x0lzhNe3U97dp8npzT/eH0wZDYzhkCjajIAj3WV0t2I+iHMiUv679BMDtHm2jPTTcF5Vwi5Z5rL+lzcVID5OVD30AXrKU+vM1TTbS4zxpmrxqXI6+SdS6Z1lyVVKjelr/EBkFKdpu3zuMLq/akD5kfXNt0nXzkwL6eJmuUSjTi0YoyeinwV8x40TJqET4s6gqSj1+AXTPGTcf015d58ep9Mb7/BmDIVANKphUbaccqQHTDa0WDPlWCCQ0naajmjiSgBOunZmSkjXdxjeOj8zUdoEojxPBoQG0/2CXuq7hLrF6vIcvwnXzkyR0/nuXkI9aUZ+vGDp7GpsJyI9zsluQ4fEHgBBjg/3yAGEu7mEMr2cM9LdD6a0oJkW3oUQHs9esNBtzo4WLxnkMAuneoZzQvE+4d19Wpyu7jjOmtE1Mlp5l6e3RPyZe4MxtMItnOFBoa3KiUW3xFX3ks5It+9e+lI4pDS6dn2AnA+vK+ZNrIPIp4CYUdhRwYVYTtTiU+N04y7EVNWa0+BCx0MimSSLbjRuOGYsMjCjQiHKAVkte1eu7LmsPzHSnbtLu5ccOivhpfcOIU3dtnNGtw0IVpmcNdfsWEYh3lPm9P52N11stOY9ohTReJxuj5VJToKWTxbSSXU+fnZT9l/anxPp7jfKrRFOg8qw2yZotXeVgIfO4FzH6QFBe5B0DjTdEhAfpmrxKXG6c/cW0RzbmthmufZOUi7gkXYg0/rdOL0jaSOA7h2unZHe/UGUzxrQ0FHtxrV3Gaf30eCMQEBLcub0g9BOk/tSTnh3nwanu9/4DctUOZzZUs4k81aR87T1rrw6EXoTsi3nfjxMILHfV0Z614dQ/mMhsldha9TJAN3zWqDbdad1Ny6rMD/ioL0vprq7T4XTE996QXeQjKOWg8vp6OhxdoguDmYKhiKUWoaJttVPj/SuB6wDngl1GqcTi4GhxdloB5Vks7I0aBdmLtfvk7X4FDg9+c21xbaC1J0uhBiniwoHA9pyq+D1EEjPYARzxUjXfrNeXbDU7xrpnQ8oq4Ficj8FXo/sO1c83dLl7qecd07vvDCLQb259fC9nKjFp8DpXVbfIlp+uUnBaG0I4hQ36KG9A7EosJdLrw2yjrZl+mP9tEjv84ByoWfJyHPPnRQIEE5nzcT6sUmFThRlePEdi+LTDS6fnNO7H/IN0Tjh0q1hl0pay+l+Ei2h0KlCHfAJgo2jgG+drWyfEun9HlA+QXoj7dxx2RQSH9SQ0vYkw1uVlXzuzPp9qha/Naf32t9R9f9jMvtNw3kwFLl+tM4syF7coQXxvcerbHN3hvTeD6y62Xh7KgQzpAYrOya1965qWCN5J9qVvIiP59q3jxO2+C05vd/Dyt+gyliSXWnc05ZZtnR9HNoKqy6i0RTAfchFed2lfw9IP4F+yjXfVXu3n5Ism92zCj3VeEhwui7XOp4j9FFO1uK35PTeD1xv0Gd0T0KHILR36N+0ag2CJrAHO6xjNx+eVtf+GOaO9NMefiD1pOruM/pJXaupTUNuILxgQx4nUjWnT3p3vw2nn/DQcoGG6p6CLFi9bL2nTnSf7uACvV15304YIvcpkH7qD7w/SYe8d5TOsmyeq97d0Bak8J86Iezw93rCFr8Vp5/24FJ1pntCnG5uFYqc7a1b/Wz8IFc9tYotGllSsykHhcHskH7GD5QLsFT3DjlNdq2iKdJ3V8pZ8+l0kM4WIDyXk7b4LTj95B9YAyZVd8flJpxuKXK9psLW0SILxwz3UchF6/LEzfOukX7WD8Wcen9GZ8oKWjVyYOJda6xBTxbR2g6yFfW6Gv5DmRenn/NDP1BO+EgPeiSqaztdKqSmP/u8rmZNWuIvH4YCizPe690i/dwfKyt9BnsWwVKRHOkcuaQjkCpu5vl7a6EAl22Ps4An7cmNyuln/tgDYILRDcizcMvoU8BEJ5vZ/5qM0vnNLQnSp2r5Ytr2PrD61+ZAtP5IZx0uHOpd3auQgLozRJQsJvhaTtriY3P62T+4Qx5te+0toPJhcWKk6+7bHTLWyJkAHXLc4Vfcnfue7w7pl/3oYRg0n0DRGWHTmTO8Rs5tWbD2AQiq8F3VatClCD8mb/ExOf2S/X0tJlB0oVVl2dycqFf9pEi8A+jN10a1tkzR8sW07V1b/RlovqsH2MHoWu1XGcdfIvADv7T0y11E2aI8PYuPyekX/vgardEyibESDOmya7UrqW5q7cEkBQF0+G682elZvpi6vQ/X4xZkarsj6o75r0TXag9Frl0AjrvHdZ+H8n3yFh+L0y/f3yPUIUHPalIMnQ0LSV5HX5EDGY5buvvx9vriARR3gfRrPY3F6og+xwdQXaspXvfybnwVBfOoprhgtqvJW3wsTr/Gkxygbp2y6shqMp/uR+ipQRRkGTiBOr93/XiFz2D2SL/e4uxkdW4KUSN37qFsxuFr0mOsk7fV7e3jPHb34Tn9Sk8jYnVID5hqIMomRqbHyziOPEnYWYE6mz+1frzO5zBrpF/1yZgs1xFqA810212rks79AnjWIq0GGETqSLU4TMfiY3D6FZ9qF+xY3ew9qD3sgKmu1fQU6PZeIuzqhRbv3XzveMPTsXwxB3sfFfgXxeqQzLJhzLIZ4Ia+4h5qUAu9F+r02vssLD40p1/56bZ2wZvxPzBO92rkOgldjoFOsDpsy9U1P49ZIn2Ap2xKaDqFc3kuG4Sk9tZv33ArM48vsFnPw+JDc/rVn/BxAf4oCQjWjHbwu1ahc9CUPhEmOI7e3ot77PWGp2H5Yh72Pj4laWyzW82B1Tzwc9k6VHtIhQL09DXF69W92/fZWHxITh/iKasNXox6M3NuKJEOfhlsqlpOFsBqkad2HJo0+kwsX8zE3jWtf4U+eTZUde+hO63m3SNjQSP/eiyMm4XFh+T0oez+uPXnvslxkTRO72hydYdMCYddjItr/nx+POWN397yxWzsfbjK1RbSiXQjTpc1cn6izSR2LsAZzc4P3+tfcS68PginD/eUq/cjrTu1q8E4YSmkz+FIdLJCUCxuKEOwWT8O9/nMAumDL6HHF7DLGUzvHchZq9ABc4/YWUuqxjl8fZyRxYfi9GHtvnpfpIrY/bNW0RlC4TkIILR3Phgyrouv57zp236cxYzsXXvw5Y/uqnd91mr/45rkI4X7zlkBfqyG/JRmwunD23212nYWvjOkI3rM7YcBRihAvPeI/m155pu+5UdazMrexzvejy58Ukk3FDn9M1amTTvxZBEASdYfi2VWQ39SM+D0Mex+TL24feXudKmuoZE2rfMlIQL1zfdylM9qskgfx97H1Prj+iGF9RNq5LoT6mquSby5Xb/Pz+LX5vSx7P7+Xq5Ves04NZEiHdzGtY60uhDa6UL7/rga6/OaJNJHs/fxWx1Yp6McU1m2dP28bHIRgfq2yrLMzeLX5vRR7b7H+gO6B62h8N7BOVG1W5vTS4AIceXq0k/vNh9vMT9711gvd0KGJ043nzmDvcfPWTtHYNnc9sm363LET22inD6+3d+/bx3c0lT3MdIK9rkt6ToaOcGGBurbVTn6/jgppN/A3oeHlHWHm1HqYlfD9h1HoT0EfsoAwvP+FyjnaPFrcvpt7P6+WhjBN2VgGrQlD2HEjhPUaSoH8NDXsBrzjV71Yy5ma+/D9fiiUMvCLetkh55cbj7h8Ym+lofqqLnu7tfh9NvZfVV+f/AK5JCd7GBPirPqad04vYb69nu5uu7bHvujLmZr7wbr62cj/S2zbGef7KDKLuB5Xd7q7U6I029s97L8qupcVJbNH0Thz5m1cA5hv7UP8LbH/biLOdv7+AOrck0idrZJxxo5m7C7htDInCxs10cHbsYWvwanT8Hu5Wphn6gUa+T6NKcbHj7Ps4ZFWV7Hf7ut5YuZ27tl9i3Nfsos2+lUXv/J6uO26/L2b3sCnD4Zu1dg132l8WSH7jMbwaqsIavgAPOh3vS4li/mb+/a6o/fF7QqnUyXgpCIza3pUsALpA7W/7F7vA+LX8rpU7J7xbXVHg8K6UbdOyYKZ6TuXp3wC9srx2m3tXxxB/Zun6DcU3tAxemJMB3Qrp5jkQBu14/lnVj8Uk6fot3L1csDAKtzEcMEgI2ZSLnw9bhIeFivyqHe8G0sX9yNvZsnea/Qfo05cocnCNv1qrwri1/C6VO1e5XyXP+Q06W66+KsNhnAxcHkQ77pW1i+uCN7t6RVrnaLjVbkoFcqPRL9w+L7ati3Pb7FL+H0Sdu9uh5XL88bQKbIYWKChRwUCdsf67Is31fjX8N/ZsX92bu+yvfv6+fQVk1hZ4E7fdDzercqV2PNah2b14ubGWlou1eBe7laL7YbgD4dq7VLD5vtoorQytX7oPrbLS1f3KO9G3PtLVc+rtbVRl99OS0t7T37h4QfL+tdWd7C0uNY/FxOn8v+fsyHVQn3A+J/bx9qOTaAqHTc3w4P2z3Cy+pruLc5FcsXd2rvFQV8xfD7r/V6/bJYbLebEPAI/b21t3tjL76+rNfvj2XZYuGOLX4Op8/N7u8xAX6AfPVf9bXbrXbNjf39lad+c2uPZfnivu0tb7QS+vt7WeVjD/cd7/4cFj+H0+/A7vUd5G2vbuen38byxeezdzPOYsA3NnFeL0Y30nTsvhpXVZ+O5YtPa+/PafFTOf0e7f45LV98Ynt/1t29P6ffq92nfg3x0CLb+1NZ/BROz3a/J8sX2d6fbnfvx+nZ7vdl+SLb+1NZvC+nZ7vfm+WLbO/Px+vFKEbKdp+U5Yts709l8T6cnu1+j5Yvsr0/H68Xmc8/n+WLbO9PZfEuTs92v1fLF9nen4/Xi8znn8/yRbb3p7J4itOz3e/Z8kW29+fj9SLz+eezfPGJ7F22//PrM1nc4/R7s/ux6Xy126136+PXx/rj42V/Vf/tbxy+vq93u92hpfl9BivhsocW92jvsm4+Lh9XezsvFovn5+12+/q62WzCpp47AVggtOf7bH5uNg+v+wdtnxeLr/slUB6/Jmn9ix9a3B2flxWm1+uv1fQBbypgn6/NdluZf73avU/R9pc8tLgbex/A/X1v7Oft6wOdKrO0TB7i2Fg65DuoOVM/NxX497afEu7Pf6jF6bO0e2WM3ff14serNFoQlg1xmndjdnZsRzscVO0GIVRTpyrY34Hli1nbu9rN33d71t4+CCMtW8MFeTijdbYTWyTHGaFLYv32PKCf2x+LjyPqZ8zrxXz5vPrgvy9+P/y0jtmxgA6oDmMECfR2hDD5t2L7CvS71e0xf+5Di/nZ+7ilv68/Flt+umYwjsIFcpKPOKEDIZ74Qh4B7QYfyJMH8QIFbn7vt/sbIv68h0pOn43d95/01x+vG+OoRY700JyqTGZ/A58Ei+zwbTpLNp4BRLcAavn9N14P0yVvMk/0EssXEziU5BTXs0L4j59QYPTBm02cDXUP7XGb8shUk9JDvMmGxIPwCONU6XjUW+XgvZezsXjk9FnYvZr/V416VccrRkesATK0FlTnLhmM3twd/w7MR4D2LJh2J+Bcv93+s0f8YB/ktS1fzGVf3xv85Vlv6BCPWuQwbnZ4aE/2ECdpsvN8IBA/gD4vPZSb7CoR8m+NEPDzR+XclRO3eMPpA2H9mk9SQfyvIKNvCnFy0A5ELkc2Atba0oGd7BR/SkV0XMARu8xxu4fN9uP7+Ax/+kOLISx+7SfZLV6Djr7bc5NrQ1FOh+i6i3MZCdT5cR7tM8SNg7h/xx2Dn8pOll98oe233WpEn/6shxYT5/PDxHZbZqNs3tCuArra9gmrs+DNBDrdOEikz05xbedK75fk2+Hml29P404PP/WhxUTtfbj2gPlaZ02WzCUjO3dU2SxGF647hzrTaSxGjyc3QqCLgEJde5OHZM3LaOx+xg8U0/hFrKvcvXw5fOrLo8mRhlWB+vDUUa8ZnN+DRqAGXJ/1gC62jtbBb/Z1aKfH18tmWe8dP9arSe7y+wcXk7R35brtFg8xSxaQOtS1blZrZxBhzVYCEePkyTzCTwMD6GpVxMdHng8xQqCwXx4t//ptV07stM7jg4tb/xK2xb9/bCF+eoHG0QK4zVGqQA9UFbI7GOfsgQjem1XFgM63f1AePbShHFV19v+/HX9x+Gu9G8mbP+XBxcTsfTh/4/u/e5D/gYcPj4ZHgZ6hiYGBHGkI1tzfHqIqj+hRMh1YjE5DeggotwmeuIMo3FcWr9brH5VeV8F9Yrxe3PoXUChf/fncbOtL5ioHG+hHhj0EVTQCd/Q4M6NK1hLxFsQhzOwsR/LkdDVyqFcrdr90337/uZrWLl9MyN4Hm398qe29PHxwIepfnFi1M0ahKcN0cFi9vg9ojG67f6ADArLdUwUvhu3Ht7F/3POvcjIWHwDpF6L812uzOb5xpUxkvMBMoQcBQ8tPt1i9A+g8Umd3gJALGg8iHN/BW7NhLbdjoP0GSL/0h/ch2itgjfHj39Qda3EoTstslkCEngH1kGJ1EetbQIfGR9fOH3mGAGwJLFuTH6S6l8lgvbjVC2uP/aVFOQN6/NSRAVEH3UJUJVBHTLF6H0avIU7YhUn0fN9BdpB3k5L5Y/tUTmOXLyZg78PG/rGB6PbSD7D5B5PIpf+uqt+CIaR5rK4YXYu0Mn4gvjrxIcX+QuL2YwhXbH+tbm7xKyP9ApT/2u7x8McSa4QHliFHGn+pw3JJwoxpLYR40fqK6k430IEpBTy1LvZ8QPbiNcprlw7fvgwdt4+I9Mv8t2OQ1lDgG09eIwvIgwy6EbjpGcJbzcw6ThdZSi3F6HTPAP7LcacuUNkQSA0X2eV/P5W3xnpxe5yv/t3D4wCENxl9Aa9OJuVrArA6KaaENJPVlXrf7ub8CGYmEdAyymaL0RE/S7s3m/z+D9h8ey9vi/XixjivyLyG+VvtrvM0uXDGWm6XeG3LXyIsiZBmszrEF2OqOymAa/48PnnzmrWXQQp2tECI/Jmbbf6QhPs1WPw2KtLP3tm/EEdHySzM3BE9IJ1wlUFhHS0u1ElcIGR34rbzPDolbqMZisbygMgKLQ7Be+2mPu/KG2K9uCnO37+RpBQFOjdmoAI397J0tgyJ8SCQVEqQ3E5XEnDdXbnuJH4IguOpegBCHSBQb4P3wwLffL0h1otb4vzpKMY0FRLCBbZ7jnjaTBfACVblqokwZiCvx6tgzaqLJn/TwBlI14zN6c3CAiTdc8c3XDw/DejHD4z0C2Lzr6FZ+kI3o+4ZUG8NmLMOQeptXAXXfqCO1QN14QJa7W4Ez2TJqTLNAExNIKI8i9mjH78Zqj9mFKSfx+ZP24IkzIMV/hLxg0RUqgjCIGqCNdOKStcHmcoLshFCyaxEjRE1tUAS7K2UR4qsa2UWhmT2AZF+NsrLl02MYoKMo1Q+tLZ9sNIlcivm1S38MTLGZ646V/FYjM5Zw9hMLO9dVu3FSouK1pd/ID78eROsF7fB+e4329hpdVukTla3Qj64WB9noThwb4AVvgMX85h+xhNpmtKpHACCuAOTB0nRHARRed8+x/GtL7/dwocvboLz3d9QlxQt0RDNlTGhRZghyQThmyPzBoDnQmgKxUi6S3wKSrfhDBzpbW2eUe5BI4ADtRW/b1CCXtwC5+sNtBlHqXMr1z3IxkQInuveht20W03XyYEVVdOYPvDeVhCcLuGMQfXJkG/JcCMu7qNDs92VY/vwxcj2rjS4r03EqtlbMTpwEqeDBQQztJZ2ymlkqlS64ZrkxVIDlG3r1HGM6Rsl2oidIMRS6Wqzg5+/ypGxXoyN83L130M+7S0G52AYgfvP0H56aqSEgm/7yUcVXlU5OlE1stBeDiEiqX1QugzQb8XKCmPiBRCk17V065FV2WJsnO/+MrZ2sXcHOj+CamJBajB8ipB27IzCV7EpcLZIee9BEjN/BbkJgPBVQCcN29jtn3F5vRgZ57tt47pyI0KQDeAqy4UMtnS3B/Xpgq6nkTgHFPWtEAtfYm9j82rMioEFclz/Jco/otb09BI5WH7xOKYPX4yI8ypUe+BdSqCkNdZYBBynDLcoFRyzCDKOk9A4l85625rqIh2U9t7Wzhnau6jEizsJt/0B7P8dE+vFuDh/bQUZ4cLpcFzGVnw3R+UXCwef1cjqLQFM710oLYHLwQzO9e8IMm3A9nLVNCtzRIhNN8xiMCX+Skg/9/V3m5bOlVNNIKWzXCwJrnQzOz0iH6hwDsGobwU+a4ZvEmQBAXfvwNTe5TrUUG8eu3fi/x0P68WIOP++hdiOqCDMBC+po2gcoz06Rok1YksAT5EDWhiLwRxNo7R3VF039BnlwDL2WPKSdbb1W3kRok4wVjEezld/IzZ0zqtioswVeRuUjqIK1hFZgZw5PsqosKAPZW546/eBiB3kApKSgaHIdUFdbVh7zvs6VrxejIbz1V9F0/QRJLa14OUbMpglSug3pghhjY+fQZFP4UqQ8DtAym6gfcFmLYGlEQi3gbRyHGhvPZI2V4yC8+qPBbKeRAhMBhHpaul3WZQdDM9NNqZIJ1CUz3Bpjc8TMgiDpVOtVjb2LWvkhaf3H/fAzdM4WC/Gwfl7+a1oa2QQlQvFgeT1INmsbhiI7RDBbXMRFW086aYSZGK6nFU9B4LurYUom+yOL3T8bB6Gq5K9AOnnvl65fmtTqZE6ZdDstRtaBbAk/y0Hf8rNXoR7ENyKNrvZ0VpmPN5ApvFRsc7OHlm0f9gEf4+SXy9GwfnqaUMSLCj70mQSVNUwSiYO7mYsnTV6H0jxzqpoUwGgct5B+SS6cgaMSRhy5Ciff3Us+//j2xi1NMXg9j54cY3g3ha6CYOoCQK2884kTyRugTU7SEAduG9oV7RhcptRbXWIltgbtXdANplSQp27HEePZzcC1osxcF5+ixkWPkzEgJGsOTeE88DbQtHRaVCXPqDlRvAJ0AEtvuBxeiPFy6o+Q3t3hAQUyyY0CfYvgyE9Gq8YAefvT4GmWIIsUxXtYEJRY3DTHaccumi73uSlpIMIclaZxjnYnM7HxRrPSDndceDFYqyQ8c/AFj8Z6ee9XrlFlkttuROMGFhVPzUfKzgxlO534X9yLGvvnU+UUDsN6uhK9s6A7lrtmGPHnMbAS6jC++BYLwbH+ap8gTbBAioLDaFjJhCfDwWiYZF75ZiEuq6HRV5KT+rUMc63CKrMkrwHtU3Z2jv0gvrhn8WPwSsqiuFx/vRKj8myY2zF6N4MAUYKqNxrGeBT4jRYg1e0IfKsGx8xjLogH6X7DlJ7dzKBvHWe1ujtP6mf66H73IqBcb734hZNlkWDAHxGt51oZgy7DN7YJEC6TEHMCRENiUq/sVpv6BvQg2s9qKtYneeXD1/PQ3tyxcA4X73v3qRmpdsZkmA1ixWtiTKpTcL2EAnSrWeweuGFw029ecN7B2O/kA48LRE8SnNPA0+rKAbF+QHo0IbnZBITJ0xMs7LlpSGqPrXkT6q9Iu78dQCmnkGJsk3IDQbPaDUf9ARxAXVA3jtX9/bh88DziIqBcb7aHZ1SVhGKot6EIEVBzdNd2PjlHptEcBlDzBKRDGACXewEUm4QnGXl95iiGOhY2iW+7Qa1eR+kX/T8XJcJfF/jdUopRtcmQbT615NQ115e8yxG/gd0oG7RRGLmjNNeA3JLYBMIj4rGYkhW74v081+lqoR8M9vPezK6w4uqYt0BuThvDXmdnOhH0c9g1PaAcjTArpGD5FoOZCx9203R/D7bG3P6ZeuqXMfSVwFslBVNaUYXcg350BM/G8UTVl9FeqisqFq/sNThlL5jABhJFiGAmcsXsXrzyew/sUGjtl5Iv2R3/0J3doz+iw/0RLStLEp7U8yfIiUxQeFcdpOrHxa8HXgQB0ntHZIVuzpWpx/KEheDTgsvhsT5/o/A+1IF0HvG6KLERiXPkz/LB7L7de8Q0CR1PcdOnuEnXDaj7t3hq7YYk1QYHJG+GVCV64P0i17jpXn7JNAyRzUlGV191HxncBhduF8BE3XvtOtNYV0zOjpAN+veXXmYOPv849hbfcXPtR8R6Rc/e7mQDejimKW+MTom9Zrkz7aBNZh17xDc5wCxV5iVOUKRA197l8sRkB3cCqzT6eWWnH7Zs++2KHhQHLPUi9HN7Vsew5by3NWaAhuXqPhchWoy+wdM4GFeAqTK8xqAy3bW5ndZDOnJFQPifFU+/VziEtgR5rKKvA+jm0tCtbU7OHU71P2KNtngQsQ4/j1VLiFeEBEN548o/7zTon0by0PQdiNOv/Q11rwpSSK7L6MbPYVINGsM6KTh7WSXdb5qQGNACRLFlxa/BTmk1Jhtkey30wtSCg8DzqdIIP0Kz12u/uGzo7R41ZPRDd0cOqGOxicLqocCdEUbi/GJQRSj65YKx0sIZg0Y1yjoG9p/aH/eiNMvt/oPtrkZju65jK52BzSne7daG500qpQVuUXrCdAqRlc9t+h5CUp7B8nrbONrf6f1gJm2YjCcvx/qpJaEB+loPgjuQQpJ63q7vpW/VN8DjbNYOdNwujIN081UrlV0uOiUK3rLSacdaLvLerCq2BTSr7G/P5B3rM5P5EemnsLoaOybaLC5VdBo4EyGXcEonWBAlBXx9skOQPc4MGUf0POjm8rB9dje+7We/fFNMzpZ2mC1LHuM3pmGCTbM2WebrHv3t2B9oqNYc0wnYme4gOOSkPAhegPxawkvA8ZsxXA43yP9Db2gBJHVrZ/F6AlWVypOIDNm0WJgsGtpafWcWjUtcsmwClZf62bZvMa6+PiPcb336z37I4rBKxG2kdP7MDo61oSeDjwEO15Gp63M4hDrJQI5G8LyEmycm1ovfyfLYqBT3BKcfqVXeKzPzdTTOwSndzI69GN1U5ILbmui7kcxsc7iTejF6UbFtEc97Z+N9H+842NM7/2az/645GqK7BYwj8ztcN1tVrfGQoGCutmaGKNqPaAEqEthvERAcbIDnT+FxvBaw00MqiOgyrPB15E5/WrPXqLVi0xBYZJxf0bnggs62nlwxw2Yipy6yAuh2beO7mlNSnkHK6RE9kPHr4/BJtAopF/32R+XBrGyuX4dXKyD636sDk5wpMrPVdGThfbgsHpAsdyMXraurUot7uMTLuFjNdTMIQvpV3yFEoVoqkrljBSZUfkCfVgdREWUYoEAaucXlTMdYq9k/kS0jaHLS3XOjG2//VEOgkON9GuvKI50FBXE8kDUHr5agtXlM+noDOyNO3Q572ZLKiDtghU5JfaMRsFOMCU6tnsckD6UJ1cM6MfVnK4D9dhIxoYwWZyeSEfbsbpZ5cZ6TOOfTYpfKPSuHuimzsy6dyBjrrWvbhwzwfaij3IgzuVIv/6KUpxOR0dEr6dTuEi5eYlYHeRLuxWpzI1Xf1oVrPL+ltOZ9o6y5MddWCIvsayRfnWrGJx+5VcoGYhRfLL0NDS1+UEv6T0Vq0vhw/TeeQQJpveu5j3qia+J05pO+GKnT3yUw9mlGAznlTiz1Psw12psNtVpsgTMe8lyQE5Gpc1prHoejV0YpKuoT4ACr3JGx3ie48562w/ee/Ex4A5crAbc30uj74uPXOODFeXsZ7/mvR+ryw9U0SktcEWzCjegMe8x6GmXTHBFq1AITWKn97LHioTLEEgfxks8IB14vM27Vz1w8kykB/DeCrz0jS2OBudsTgSzL0UUSctaHEAzHk3qcuRpqizbcFFVMeAu0iKdKdiMUBNlqP01OYvVnRGx6FTOgCMXJOY9WgtNdsehs5DAwj13Hz5Ww8VVxXA4PyCdvEVFf2SghCGhCb+/D6uDu3HIulRjYmRIvrxmdZG6NbrjUpzhNEW33nvxUg7nYRerAff3khUKWQcQs2UAvojRj9WtbBmwjdP23nmPqeX6K2eUI7WesYByYmSnxiBEA897v7KNioFQHhU5jnUa0gIfBeHLFwgXsrrRZWxUtHk6inoha6yt8t7B6oq3YM/br4Apcle3+JHTB9rZFdJ1dkVwusQ48+d7szoYNfCAXsjM5707Ww0YuwOroSepGpGhN44gcm6rHpyP0jbZlJFOFTkgiEFebtJ8MOASqrLpCbG6NbwTNLr4TxmKHKNgEG+DVc6IudKg1pJZ4sEYXShyQ/B6MWR3ZMnbC5B7qIrT0flAoJeuZcTqolJHeYsyJ+ZWw0qk0xp6fpQu9xJ6sLrJ6DpOv6rlh0M6VeT0YfNA43RAp+Qcmfx9HqtzMvbjdAzOryADOB6nC2pgRbG83jWZUpfxAFgHusyO00HFtwane3489IK6Uy3HImzOJPYsKE8QBL4/xbWqa2is5peubQolp9tmngWny4b9Dk7XzM7HeJ2hwBOtTPayOdq7Gw+yjIGonGGIdSHsyO5CDbA4/Xq8PjinM+2dlfUbnA6OD98P615eXWIpriZRu2rbhS3Gtj4eOKcD8xJEQT/4Dirfhbo5/SqWHxrpILdGIpQoTpdczs5GO5vVrThY9KNoKU8O+pPlPhr+bB4J22AwmUWX4yyP2nvx8j6IxcfidCCBjRyKafWNmJrceazOill1XWowusmNRJ8I7DV4AygqIee9BEhH6LaH/7FKm27ailx8s3KcnOB0k8tlfHWyAg+0WUyKL1acbhgnVoIw8JpyUPtc5DUc6Um01LGwHV7KwXb3seJ0sxqWczq4OceemhzaCrz0I2mBhNlNboyyQLF4A7hADRgQ7Zp49FLpxmKzFbkrWX4MRU4wLe9PR6Ov0Co8COeyur3nsyDa2WSBUTqvqrCV9+PbElxheu++N0/q3gew+HhxOh/3ZnK6XTlzQp0cszAEy3HWEyHsbnJTz0MV3gsoGy16MlLvXtxG3fsAlh9HkaNRk8npzh7Hg6UzYnUIftLVqHu3pAL7VegqFSTW1sRa4xKsEhqDU2iN3PV5fQROt9oFBae7Tfun+u9qsIfl2/FYzNHekwJBUNg2cN2ECJDAOXj3dCP9AquNyelSvHJr5Oz20XNY3VbIzWUIAWxb2IG1DN5b/95oy3JK49Bf6mlOv8Di43I6iP5dh9PR7wg4idWjYCoZXHemmLm55FxXPi4kQDAGwyE/mbVLfJKrrdf4kckiPVbDAlVoaC+b3eZj78a9WR0Cmu3KDKJEvgnOvmsWVKvQnDK6dM3J7wFObKruMbNs1+L1UbR3WZMUYebk08GJ1E9R4OUKAm+6VMwMWB4WOC9h3/IO4u7vthPvvY9hJqnIsbmLou1LlJR5IU27TSZbVxWrG5XUHHHoTXIVv4xXcMNuNWlww0NHdKcluIn2bk4/0+KrkbV3VQ0L9CSTkGro7VcRy1jdwE+wNwWvcsYNGxygg92gZaT3+nz1Hik2Ye8dhPdu9LIB+vXvoNi1k9U1d4qKSdFwHryXNTon0LqFwfwd+S+TmC5F7/OzbNfg9VG0d7rPkWQ2ojU/QqtzJ6pyHhebxyoL773PyyYYHVK/jD9byko4faxO2bKnxen0vQQI0tFNuc3qg+oAuLBSYHMN7NjQnuSqLOOUs5Eyu6BTR7pYy/x1HfE9kWW7yOKrG9S9G9o7ICbjmFO6V31/mUoEooALgtWW4L5sB9DBAPoJvzoQ7/19KKyPrMghnS7V5NdMtxmSkOvB6lruEjVyBqe7QPfK2dgroTm1kFs/nS3E07z3c3l9XO09mF2rYHbxGh/FKVA3ekgUY9RrQQzqx+TL8jvoQEuf0Zt1CD1hfjLST7TgqFk2FGfEB+TCLGKq9h16yHFEshXfMisw0TxFTZ3kwqpc3BjdKu4Rm5SfR5fae/ExjMVX42vvQXacGAXnjmfTH+mATmpLn7aamDnjtNcEYwZNh+uOwe6N9HJscA7ST7L8mHXvbTFcOGmOHOH5XjDXOruV2G5L3mQmSMsFvregXHdwa7yC145tUtspnH46r4+kvbPpqxrpvsBqCeGp6lKa4xbBrzcxMpVlk4EAH0pN7ZpgdOSj5nvgHE9Q5M6w/Bh179DSGqA4Y5U67+DKFsr3Cn4tJUnWB9UYambLlNkU1pkzToNplIfCB6uhSqwAr0+TvYceWbazLH6DOJ1AAxrVHbCnHQnswNFzyBAwA0bBcvKl9g4p9T3IgcDAXHc7Ru8RqRuqQs8s21mWH3MSheHtkvA9iXVnz/TxgujwvKrLsLR3o2inI71mTZFKbPbJXnU4ndNP4/XR8unAFDlAVjnjKHCdFTRuiRmfvog8BWZWw9rUASLeOF11Tybm1Zs4sXLmTMuPNYkifkq0y4k57x3KO6FYO9xFox7O6SJv7zG0d7sSUibUQIlxnYMUetI5nJJlO9ni43C65TbFHm4hendhnVOsj3PpqQPGHlW1H/Ce2kR7TU+g2yXbkMC29YY+Lih9nJIiJ/ylWPcOHVhX30/iHLySCDQe5c17Zy8MOqEmmnV6aMZpsV369b2zbOfw+gicLjKefOYMCu/dFyzAKWaxC5eD/p72F6X37qYA+gMdTmJ0X4w/XZE7wfJj9acbk7uawD24tgN/A3QMpDNqegZUp/ZudLqIWjfRPoPeOlHhobOklSh1jvfey+KrcXvZFCgI0hMTKDocamduSSJO1/tBYgo0kQc6gQ5OjO4BPd27+nHJEV03994pOM1qWAyuP5a4L7VGrPG+ZmxIdZOQtIJT6+6VX8g34OLcIffTsmyn8vqI2ruauwSYIlOv1Y9Joi5gdFc5Gqf6GF2rTtYznqxMgd6VR1deXUpKvEqc3svyY3jvzHHSilzogWsb6+iXmFql5mj2T8i6dzNah3iysifG+ao7YrIx0xKgl2d6750WHzNOJ59U+5myM1wgpCvlrJ6mxHFtdj4ddWsi0nnv4AcR7ePlfEdI5NElo4PnJ14zTu9h+XFq5IDuicGpe78E6xxoYA8IQ2uEUJP1hJAIAJE3q5B7qJOSOJXAFZuctJuc935dXh+vly00g8FoN6fqT7dCGfAr5zocL2ugmdG1qndp3RJFDuiI0AdvuLRVqelWWFve/GXee4flR8yno9HgiYkzXLqwTlPdYMTpRtmTXF1074bg+1nID1GnJXhgYNd4P4l6H5Pi4WMYi69GzKeTSFjG6WbEk1Dee2E9WBAKkAjEzCBPeWZtqMnGBArM2t5/Miq/cpzeYflx8ulIIe1p73Amr9MuKOLjudo7h2S794bUL8BHSZMUG3aVTPtbvgI+ub28GOkpzh5tNqwe+OTOe++PdUvsAia1sP5HBclWe7dq5MxC3OZch8BHwGJCde/wPpyvl/Ja4LuV986hLsaDeP3p3mRocIPgZJWMNeaJbtDgHATJz2YD3pgFhsLmupYh3cmGnfPer2Dx1fj59K5qWN+/6cvr4NG3Qj/x3oH9GuAN4aeOSNva3hmjc/8/zeSc01fXGut/S0UuVsOade+pbHo31hXcNJK0hkc7EdLOlmrAQ3Y+Ww+XDXpIy1fIsvXh9XHj9IDezBkP69CJdXugulHmaPiL4rQma6MVVXKIohAoQKfDZudgxuF00/LjZNlARUhs5gykUNwT6yJSR8P/Q7NPyud0q9mRPjxKNQnV3QnV/X62C2rkelh8Nf4ZLioNbZYg2EXCJ2Hd7H52Z85ETrfaa0hKjw7IsZ0Hj9FDj+CT3fdx5WN1b6XIydmwRi/bJVinnAAWZwhaTfSnWw1QHOixcE4tjm5KTxXF4kU1cv14fex8Ou1wwUQ+/TIfnnvqlnjG+MbucAGjSs4pBYKTGB2cfzFl4aO8qilupcihUSOnjXE51hNlayoaTmrv3A1sHq7Aj9AZo5suhplva6ZLXcl7VxZf3WDeuzEbFjCN7DSvYzB7X8zhvo72Dm6WDbQiB8K+Qq/rZvSe1XLXRjqz/HiKnCpfsWbOIPozZ7xKWXI76InsPOGjZlPQ89P9FxClduQ+rtf1xTnY9TIkTi8+VoPt7iOe4YK8+Fz1slnapN2zZD9Kp/DEqvAajbwaOUdZlRMwJdBtRgeflsxquesjnVh5REVO7KKI6OfTHcAkRQ1SEBE4OMHT41HUyCl3Sm7bIMf7B648dLjufVJLA3A6sfjYcbozGxbRTzd6eXZwdTvPUwdM5NPt2bB2e4paNbxENsnoKZxLunophwHi+IocC9DI4asp7Lrtfo6jzXrZZN27MCctZgoJh8IopyCc0StGT1d3K//jKlk2j9dH1N6lgcW8d0io7l28rrGuTlsU897poww3T00GAy0CtT/VL0bvzqiD8N6HMMzYihxwrZpxehq9Xa29xlmNVq8UghWIpbR3FqWbsTiBeg9Gh45CuRPnvZ9r93Fr5JAeuZA4P71LfevodjMaxnmZS0flDJh1M2CQOqI8IbxLde8G+YCcXlt9TEUORMG4WyPHHZs+WBcnMDMetj361rXkcbr91L66HneQxFdI9a3ZitzVsmzW/j5yjRx6Z63qmLsL+YmGAZbn1hOnjMoZcI6SaeRadGLxdsvyGR28TDo4OD953vvJ15g1coFPZfPq3m2cp7EOZiimJ07JhKnQ3r3ynWCP/G8OoOo8gEDoTB5LnTPv/ZzrBjVyogoFsXvyRFfuTbnUrS3tiVPGzBlMHCVjnc0nE22JOkcI3aczqW3go5wj0pUiR2Ru2uGSGL/cjXWnxRTk6YsQvLp3lDNnzKd1amPEs/jjqUyYgzkWdXDv/YD01Xhz5JgrZE6XgpPy6Q62mBXAD8ka7x0CmgdMmKSs7E+fxdqUvNrqtDs/T6RrRS6QmBdoPh06gpkuXrc41IgEkVXNWNq75yY41a5GH4MD9qQIB5b3PjDSx4jTzWpYGaeDN/I+wevm5kgYnB+1paFON2m/YhGTG30P1wxcR1WvFZg90kEHTXISRd9572bXqvWhebKqngpC1JPkb+EIcmr39ytv0iNW1HUnnI52NaxlC3BqZpKlLVI+sw5ORPuuzulS7Fg1Q2lzh1IZmk6aqgbOsg2M9JWaAg2sGhb8mTP9se7E96asCmaHC+N0vyzH9N67it31pHq/KE79OUCW7SacLi2sZs6AWzTo87qeVQEhzeCgvffUvHclsRo+ubFFGHlUPOVrqCzbaIocPfUIu2bOwAlYd715cbZDFAaMtkT7rFVU+UFjAbSwNLYIvSv1gPkoWbYRON12qp26d7tt9BReh+CShrG2zHnv5pEBZmW7dPP8Mj5zfGzya46crqdAU2LtnDnjIzmNdbqjGBKJXCW6Q8l/QrGps2Onuo6OlJGdR+cjZNlG4nTm7KRnzqBzhBV2Yl0luUFrPob2Llej/4SG924n0t22RP7S4Px5D1k26QGjyrKhN1zvdKwTZAoSBbW60Oplc8MDR3vvMUNIhuqY1J5grCzbapR8ujEbFtHadSGB5J5YR0sy0XkdJJlRJ59uON4ygu88dMbM1Xkwp977bJGuol0+ahHNY5LOxTodS2gUm+tT/3ScbmM9VTnTFXo40X46TB/We///8tl5i6Qv6U4AAAASdEVYdEVYSUY6T3JpZW50YXRpb24AMYRY7O8AAAAASUVORK5CYII=', NULL);
INSERT INTO `users` (`id`, `username`, `name`, `gender`, `pronouns`, `email`, `password`, `admin`, `preferences`, `image`, `last_ip`) VALUES
(3, 'Nyanchi', '', '', '', 'Qualquercoisa@gmail.com', '123', 0, '', '/9j/4AAQSkZJRgABAQEASABIAAD/2wBDAAYEBQYFBAYGBQYHBwYIChAKCgkJChQODwwQFxQYGBcUFhYaHSUfGhsjHBYWICwgIyYnKSopGR8tMC0oMCUoKSj/2wBDAQcHBwoIChMKChMoGhYaKCgoKCgoKCgoKCgoKCgoKCgoKCgoKCgoKCgoKCgoKCgoKCgoKCgoKCgoKCgoKCgoKCj/wgARCAI0AjQDASIAAhEBAxEB/8QAGwAAAgMBAQEAAAAAAAAAAAAAAAECAwQFBgf/xAAYAQEBAQEBAAAAAAAAAAAAAAAAAQIDBP/aAAwDAQACEAMQAAAB8LVC6yylBJsK4SiOyQVzJFQ4hYQJEaDTN1A2AisthYEK5xLKnWX2ZImyqiBqnjkWxjAtsptLa7WZbSQZ5oqvp2Ebc+szaKZE8unLEYWQqUE4m4lTikQjKMKyFlSc4FLjIRIjZRGyiyVYyECyzMjY6Qco2FdemkjGKNMXmNFNyKXCstjBDQwAAAAAAAAAAaDTt5NhquhAVNkCV+fQOyMip3ZCzHqoKycAjOMTdN1KULCgUJbCuVmpECDAYEaJxtpwtgLLbniFlWiiRKk5ZosjXYQtWmqq5yiF8chWhADEwEMAABggYhghghgmBK/MGyqqwd+eZtlbcY8mnKWZN+KJqF9QTsKYXoqnTYURalUouzU4zIVTqi0rK6AqyyFdxLFuxFeivQSITFRO4oJxFOFxPGqhoQAwAAAAYJgAADEMESjQDhMKEwWrMG/Lo0RZt4XURcvr82aWW6uo6M16WqUR1zrKIyURRNaxpNFlVtV12ViAjU0VPRCwpy60UyquHSriUbqaqSmUxtogQxMAAAAYAAUDBMAGCGyMiRWMEMExiTQdXlzN+ffCHW4GOrdild1F9k2AUaIGSYFSsrlnBzJ2wlZCuyEVjKtvz3kpKZXn2ZirZG8odxSo05IUbIkKGgAAGIYIZQMEwBjEyZWMQY7YyGRUowDBDBKSENGnsee6aaY3VS4cXS5ktmrNssolVIsrszkIiiLIgwWyddliEgIEs9FE7NhOgohKuDRTOtCdlN1NFn28yWKkCQwCVRGAyREYJjEMCcXZEkEWwTYRU4qhgmAASJNKNSOndxugkOf0MmdUaKdVkHTcWZ9FRnViiDUqrdrlhdC6ymu6uKwF2XQs1I5pQiyCkQexVC9CTzaKJVh2YxjjQASaYgCTAixohu1DQwaAwQ2RGApBAsSxV1ZEaQTSpiNeXZqjn1GiKNWbSUU2xJ1jKLK5AOuWLTSy6jRRCaMxIl21312EyVYp3TRw151uTgWYrrow5ujzhxChgOUWAOmJoDAGKRkA3qMowrmrCJIsiSCynfizrdz/AFPEl5xI1mKnFEOQek4HXjkZd+TOlqjfZTRsDLCzJLKdltmWjRnljJMerNrsqmpGUBdWuFyQmSMdd0i6Fd9KyNqU4elglz1zgCZQDBqVAxBjAbAYRur601yvU+Y+oHy415qhfV0Tnki5ipo6OPtc7G/V4Ox1M6+U1XR3itSWpFMO7g9H5fDpZ+dYbJ132RJyly8vt8mXPoiqqnVpjK+hUZN2XVY4ziZSsOuxjrsiZiydlmXRRLfswUG7HZQUVaM4AUSjKhqSDGDGDGA3bb6fheoy8p9E8z6PO+R4z7F8gzpen4/a6cvLHZ46xJGp6fB06ue+3yeB7azwsvYedzrgKR051jK9x570/Hw8xbVqNuTsV2cy6MZdPMV8tN1krOXTvxSu6MbNN3Mmbq65mMuJroyhZckZVlOKUTdU5HTvy6q49HZ4cKlqgGKUZ0pKSNpjaYwdE46TR2V28b5OT6V4nG8HA+u8SPA7ef2evPf5X3viM7pk9O8eg4HU52N+i7flq7joeW99zM68RHvcTUpHLWfecnbzJPNW1yX0VWzHZC6rVHLw9vl51kurvseIctFpSki+iroWxKREvXUFZPPowmcRLuJQs6W3ndCzNxe1xs6zprUJRmKSdKUZEpRlY2MYyHsydGvWR6PneXT1/HfOl9VTx8p5z0nD91vG7xH0/wAjz6fP+nX2t5uuv9YcnD2dubXO6LXy7l9znJwJEuvL0/N6GCOFN2no+frac/o03lHH6vLlrvjeZuV2uPLBtD05LLLHKoqAOlKkrZy9mCK0EvTpvz2b+ny+lqVcL0PGzrnplilGYSjOoWac4pJ2ScZDlGRL0Pn/AFtei8t9N89w7dLz/tGcQ7HHTxfsI+iI+f8AR8+XwnTs6Nc32K5FnaYZ0oWRPnvI9N5ZOTc9fblvw9TlxyNVO2zqxsgVSp0Rzs/QxrGFtZTyery5SFkERJFigxGglurtdmfPtxEAcu6qUNTd2OJ17JeZ9H5rGoX0dDU58oyCcLDscntcxrO5x1kkxFZCwn7Dy3qpfoWHfPj3bBAbMuliIYec6dmipcXuKWEuN2rFGcZfMeE+ofKDJv5XZ78NfP2c3Fq34OhqaXXXZHdy+lLlrVEuvHswS18vr8pK24kpVzHFzKBkb3B6k8O3DLSwlujKFmnrcXdqbfP9bk51DtcXupw2nTnBnX6Hm/f534mrRn1mxThZYTjXZ7Dnm/QJxny7NjQBgAACAAAFc+L2hJxWv4j9n+Hyx9L5nvejzaOP1OTmvZh2VqyX40WnCxwzqa7mG/GaeZ0ebFVdkSM4zBW2lBaCadjyacstYKXTVozWXaqdVmbLoolh3eH2q4jESBE/RecZ6jz3Xz428PoeDrOzLrrr1nZ4PspevKE+fWTQkhMABgh02hiW4M94WKLhL5f5h67yKV9bmdDvwv5uvBmz28/RWvNZBKQJcc53mindnFz+pgXEpQic3KyydbLTMLOVjSrn9Tly1xkpehi6XN1nodDndCzlVTrzqPVw7dTmV6c2dNMsJQZOdUj0UeHYunXk6svR+k/K/qctsoSx0m4yRuLBpgCGIGhDjFhXPz2dfMMzO3G3TKO+cMG/m51K/NdZrspnZFMljrxTOhlKTTkK4qloqCum4ZZXLcYyt6vcVcXv+eEJy9bm9Tl6zu6XP6lnAUZ51vlOWpgyb82NZicLBisbTH0ed11yer816qb4v1v5l9Gl1yrnjdjrkTcRJCCM8Ll25OVpsVWOtL+1j6lLwvt/mUvDzdTndePaz2rWMPN6XNxtTiVuZbrNLZFUlNXAzGypQNmKcYSJEs07RjIsnW6u892uLKCkdHH0+ZZv25bziXVWr3I322cvH1ebjWWjXl1BAjaay6vK6Zt7R3cdeVJqXr+h8PUfQX5b0RpdUpbCBGfld3OuuqxINKpRSON47scrXPDz+1z+nK2sdmXkdvi52hidbqcfp6mGu/Pm15tEBaMcghOwhaV1U74QrIQKi4W6TaZ+Z1OXLBuddjm9XnJsnGw5F9dh3NmPdZj4vqfNZ3ko0UWVEojakX6p0r9I6JzufXqea9VnzrxvRwX7zqz2yN/o/HZo+gS8j6SNZVKWZAJxiiUVll8lnH6PPXh01Mt36NTh8T03msbSnps0anbYskqM3NHXfWO/ZhiE46KxXSqgiULWoQNJjJOqrIW5cOiqHdVq1N3P25Y1QuzWZ7M+ou7PE9EtXC9Dw83FTojWFMUnCcndy6+/N+mhh62dZuhxeuuTx/veFnWB5NO82OtpPNeL0PR+Loj3p5ruy6Fg4cvqfM8G/fOxTOvGNfRoKSFNj8v6nyeNbenwdWp3edGqW/NCRNU0m15aToQ5sJdtONRNRQ4tAAdQizDWWEN+Hpak823HG7LbSZJqZ2ezzNNX8pY5as12KysZKWV2S+j9v4/183i7FFmNc/r8rUbHFr5WPpfLljiazMgE0kPFrRm5fW88m70XnfW9eMM/VyS0MiV5NmeqvI+v8lmzvz22WSysnXfjhVTolkIBCIkZDAEAAB0oxRinWx9Lm9GydToNMJwKLK5r3c0Y6zVXtw2VZ2s6FJSxlGdafWeNsPqc/n/tOfXbyOryc3vypktnm/Q5o8+2t5BIZg2EoEK5/Pp6Wuc/TeW7+saCVmdQovgV0a4mPx3u/DSrblv1n0vE7dkYvKez8bnUc+rNZIckrLEueRMRYJBWhUWBdB1LRJBPpYNdkarWXZd2BYXQaad+Lb0xIUrMnM7yzrz72Ys6GENxdXX4rD3OnwPYzv3k81vPraQZwexi1nFq9Ny087fbl1Ndc8y+YmodOHoa+T3OmOj0vM34121zdmdaVAlfkfVcM509lms9KyBmx8h6ny8ssOzJZc6xLIxiV2QFuKEaFnC8oDVTbEpdwLVXOxNBsx6MhEnfWuyE94mKVjAHk1h5+Pf5HPecCUaCzRklXU9t86ta+mvg9vl0t5HU5kvWINXh2oxeQ9JwE4tNsO/CG/nh6SqnVvnQDlnpoUuw42LOvSrhTPTQ5F+bd5v0PAXPXZWiTQCAcQEAAhgGyqcRWx02WGmwxy2yXFl7PMSG2me8qo0E54rrNDi7JCYDDnc30WbG+MSjNDRJK2k00ek8xOX6cvEey59MvS5HUlnFczOocL0Xmd45lPS5nTFZKtLe557brHWz3mpCeTSOuakyvRFc9epS4KenHN5kN+WWhNSpACaAATAADZYFmizIza8kjbPBFbY15rneshZrvqnqThKRn0mc2PNoskJjQFfG7sM64BdTjQJq7KitOvnzs94/D+g579PwO3yOfW/h9rnazm4Pf5Ws5KrYdOcHFy9fVwO305zy6a4tWe9BCVIUKLiKMorlyb4Y1hGSxGCGCGgANzktQlESThEnInTTEy1ar1y7MsbOjKqdk3CSRq0Czlh0pcRdMAhxu3GXz5pzY6AIlZSy91zs9J6H511sb9bmqs59PP178Gs8Z9Dn9OdSnAerI07yzaN4onPLLrUSwQoItKotFUbs8pi6NObjGSoAAAAjpqyOpFWxKZRs1HKLSVVlS3yi7mQmRtjIk4upOITz3MVuWZocHZJALkdhZ159bMmNoaHZU6tlW7N/pvGbc66+fuZefTF5z03mtZhXZDfOLiS29bi6NZ6aRrOfRVCW8SRoUohBCSKLK5rTm2U5tAOUBQAHTlGepPHJjaNRtNHWrFnKEkkJ03Fks91RO7nh0XRdZKqxkL6p2ScQkkByetHOuEX0Y2gB2VOrXB2bvU+J1412fO9zh51XFnTnUOMratNWnmbtYtotVRszXEkKGkAhCqtqWM3VFMNmTOojQgDqQlVY5J2DQkhBC2m61uLSZFknF0xMqo2Z4p1ZQ6bxa9JwbK788kvIhJIFyurGXillWNsSJ2USsscQmVqWSC5jCdc1LVk1FlN2Y6Dw7NYdF0VkVWI0IABQmpYQkidNyMRKOdIA3pPWWANoGnWOxOmJyNoqTiyRFjE6zV7KZab84dJ5NNkqbQLMehLCJUkgjyevXnXIJRzoEEpVysnERIQFdkJVZWRZGIpuwu56ZCWs1zKluBI0ECAjCyCsGVZtuaWokS62GssQNoHXZEmJjE0YmNxKk4skRZJJlebbFcmrMjoPNdZPPcEzNeTSEaEtXN61ObzRqaEIsK5WTEIRlGWIE0AAAl2zm7NZviyozrmNBCACMkQmmKE0uQtM24DWWADTBOJMTGAjEDaBtFNxYxMYgebQLhvlnOgZNVkSVUXkJUxOEnGqcHVzZ1iTM1MCRF2NARBTTAQBBODroPPo1kTUMAAABCaAAEAAAADABANgMAGFgBKwBgIMKAAACALmvAvASq4AAEAJAuGkMaQCjCxoEiBNACACgCT3BqNAikAIBoBAAgAA/8QAMBAAAQMCBAUDBAMAAwEAAAAAAQACAwQREBIhMQUTICIyMDNBBhQjQCQ0QhUlUDX/2gAIAQEAAQUCW5CcUAronGy2KCKvhZeIQCLk0onW10UN3K11lTmoCyunnQb/ACW6BXRQwKBQCOiLicLaNwOw2KOHy70R1auIFk56bi5NxKui7DQJmqz4DQXzKwQGrkLoKwV2rOwLmrOuYs5ReSsxWYrmOReSrrNo03ACsvF5KKdsgtnobxeCuhu/c4nqbgehmjXOzINTdldWv0FWWVDUnuLnXWXTtarkjDNZF5WY/osfhIha0u2DNnC4bqH6GJPNsL6uTt0E7qGBRQw1KaNSjg5ZtAhiCiLgq11sj3N2TXJwR/VBQGjfaa5PBBCZsFspBdjd5fHRZUdj3K2G4GBxC+E5NwZt84WT3XwbqhiNQHlEnADRhTt2J2gOp/Va4hRusXsQ3OjmeQCI0Ybge7J7aG8gUWz9wBYjLicQhsigrpuBwccydhCv9WRsBfApurlaznN1Ckdm/ZBVyS65WbsaLrKnjlyu0mm9puD9REnC5tZO2V9D0NwPQDdONle6tYO3UStqXK2F7IuKzlBxWawdK4q5/bicEQnNUD8zVUDNG7ua85oMLq2uBR6m4/KCGjneQFk7axJy2TBoTdAWBOYgJzWrKF2puVSG5/dgfdPYrmOQOwLcrxs6yOitchWwdthsd8W4nBuibuzuJW4Lk1i8lo1ElyaF8nuNiir/AKx9KN+cSbNJYmuBUguJND87mNfIRRvgEdwt8GYnA6ucm6BEFNYGp7sy8QgNBsdE7cFSC3/gtOUizwWWRjWZSjs+G+drOchgcSNcLJuiOBwbu3VFxBzORz2cDh8Eaf5HjIhqFIf2D6UD8riO0bOaHggxr5bq93juxniUcD0grMr4FDclNCKe7KA0uXKC0Wiy6W0tqcDqf0PjoKHqQS3DdnKf2lGQMBoo0U7A9I3VuiMaL5cbm6A1GmIKNiiy5l0/8WB+YOUvhgx2Uv8AKPZPwthlOI1dgcACUw5Cno4N8juxWRQNkG2Tjd3T84/H7IF0NC1+cSmwcNPl7bo3UXinLMjrhmKzArtQtfA4M23Tzka11l5rIUzy+W4WT97lmJxCGPx8fsjQlmcA2L3ZgDZOahtIE12VZmlPw+E/obgcAth5FzUNFmIIs5cpZbYHa6kGi+ej4w+Ooen/AJVuzrgKlhzJwLSCzL8MPabuJbZ9srpBh8N3dvh8nfFgN3m7m4OTRmNtWX5l9XKydvm7Or49EK2vosF4VAzPT9QGrTYjVs3mmoN0Nwn6p+rWuuiLG2g0b0Oxd5SOsGt0y4EB4YMoKZuiNCSg9qmDeX+gBoVUMyy4kWPRSi6G3C4uZR1TMkp36GmzpWZJKY3gc03TR2Rtu11xg+zcB3A7SdPxbB3kO51sAnjKgXXvcHtCtoWp2hdt+g0fgd48Rp81EcXePRQDvcLP4A3+JxiDKgO7oO1XD+KmkyLnRuT4brIRHB4u3snNunCxQkW7iw9DfEIpzdWC3RM03Y3IyFuUEgBuqCd4nuYf0AqGPmxbso2iTh08JgmXy2O9B0cIbmdUC1RwEfwKyHmwu7HPvmxd4jVmXlzJr3NTZymytcnBBFSbtGsjbYMkRaCjEEQQovDB3kMZPbY4hPJc9ZS45gCnBR7yCx9d41+n2ZjNHyp+Ea8O+oKfBrcx4OznUtrYjf6eH8vibMlXwl7IOFTV9RXSVtP9tLO38GLvGNvZxFmSoUYu8Q3jc1d8abM0op41anjR7bYAkLmFNeCgjgd8ZPBuizNBc7KnO15JlayV0ZMt0XXdMb/oVLbSfTg7OORZKzgWvDqiITwFpY+hbmrPpw2qOLQ8mvwavp7+3x633rWvnVNQPMXGKWnh4eLzcOw+XeMA/FxYfiVN5jZ4BGUtTrFXMRa9kiyWRCf4ptiiMGkhcwoEFOZqMX+OyCY7PJN7tN7L42vE0BjTbKTf1hvUvDzweWpji4n99NFRVNbBTv4rXhSyvmmhe+Oajmlpa3jD/uILaJg7fp736uQz1NFJBCP5k6mqOH0qhdUSNcLHB3jB7PFvYUZIdZFAaloIdEE9gWZ7UJgu16fGW4NN0RZDe2BJQxebNLrq4VPrJMe+m74stlLs7c9AwHowC89ez+D9O/1ZGCSPgUDHEUVM1cZoozRNvniv/wAjU/kog29MoW3Zw6/2VaMii4g+KlpIn8Wljgo6ZU9BL/yHGo+XxAgtJXxQuvS8WODPIjRyG6eFJv8ALxo5tk2UhPscB3t2I2KOF0HXVQe3Cl9yf3aL2SptndY9AKm/scSjtwXgc8UNJ/yELlG6dnFf+wcp6WpkhpI+dPLBJHxGCm1o6fM9mopG3j4LAZuH8T4eBDMcrYKWllUcTImL6j/vV7ctWUFwvWl4lrKmeZ2kCj3T9n72Tk4fjxBsXDO1u2BR2aNJ98KXef3aP21P49Y9Bqo25qniskP2PCaujpYn8djX/K1c8nI4xMp+E5G00b/vqnM6pQZyvqOpj5VZwePOvpp1qWaFk7GUFKxNjYzH6lH83jAtxByG3Cfb4gPzKEflcUBcCOxJspH6bnYu2/zsrYtOUkXV8NAhqrqf3MKfxm9yj8FN4I9QwHU1cEbm4jX0Lpm8HiLweawP4c58ogrHj7akpE0yVPF6eifnVc3LxPjkeTiPAG/x6dph4W0hw6OONz8W41/9QtTWdvDxlmrvdVK28pYMSE9qsm6op3ghtjG6y3xvZXUnnhB4ze5R+AUujC6N3QF8prP4yGA6Gr6dF61cBbkpsH5sjOHtdJAy3G8KuAzL6ijXAo8vD8jcnDiYj0Vrc/1Bxb/6qYqW33Vb7ypPceV8f6UicEwJ/k7Zf5QxC5d8CMHb4RbS+dHs1TeCKnFpkF8qAXp8RshgPD6b/shUcBh6WxAT48fbm4ZQsyUa4gDEWkOGLhm47xQ/9pdOOVl+VW1BvKqTd7kDpfu+H7lM2lOrtjgMAt3EdGVOGuEez96bRkZU/toqtFpUEcKb2JxllOG2AwaP4v01/Y9Krh+4pmDK1EXFDeCTFsNqviBvxEqZv/X1/m43JVMnIu0ae6+jzqSo/GXyI0f5Dpcb9MnlgEVGdISqo/iR2r/BBFBUb9OJQ2pz7Sdh/lUMfNpfpk/yPWLQTiVUOzVB2ZZ1NN3RYQ7FOV0HaOdrdReMnkfFztSb42uvjRZeiTy6GqN1lUu/GjtV60yCKCBILctbw5usCd4JovAF9OAOPAWcriQ9ane6qqcah/Lg+Coj2E6YQpxTsLpxQKY7sce7/Lx3OFjjayurY3T/AC6GIKU4HZ+sWBx4NUcqappnNr0G5qMKkGZN2+mvcjZyuP8Apy5y2Jk4Ndn+1gibDDj9Qy8vh5TlH4PPZhCn4FFFMCaNHWQGj7gkk4FNW6AVkMX+XRCLrKpd8Ganbqp6+xrMhqOF033THN5b6LSeVuSb6bP8meIuqf0vqSbPVqYax+Ep7cIiicCrItUYQGjm6/DgEQFZBqsj2rNpnVlZWUnmihsqTdwUvkE4KM6ye51BcKrG0snFA37uEF0k/ez6eNq8fpONhUzc+p+Zh2xe1LtfUlRnE7lAXTbABydqbp5WRBqNgtXGwYsyB0GMvuI7N8FSblSeac27KbVVAtP6DG9sGk8zLP4M7JxMeu5waMONS8uhtZM1c9t4ofZl2ODE3E4BFyzK6sSrWBOUJuiIuXWCurKyAUnngz2VSrKV/pQKnGSar/tP8+ukGcM0fIzmMgcWVvoudlxqKmKnDqioeuVXSJtNQcyCFkDVxiTmVzx/Jh82eMbckUuxwCGHycGooNJRytQJeXBOsowo9TI6yAuhGOg+WER/ji6pET2oKAaj+xVC9dUi0/8Ajq4d51DckrdqiAuUL88Y9Cp8eexkHPqatQ0kNKn109Sf+OknVPQ08GBNkHc2SQfzIh+RmxUw0xbqMpQ3cig1GQBOe4psVhzHLOVZqLs6z6WTAi8BBXV+iL2gqVP8Amb06Df5Lxm4pV++B+Lq4f7tezshvyQmPlhUPE47g9dT7dHSRlykjbI0ADo4vLyqEDK2Vt5Gj842Kl1ZjS7OHbbVyLwrlxjZ+V8jQ57i5BEWA0Fs5+Wi6O2Lj2/GDR2tVNtP7SbvSpgvURi/Eaz3m+10hUPvth+4VJFmoJGOietCIxJAoeJhqY9r29MLcnXxZ3NrCEU4WcMJvHGDROddqlWUMLpCgELBbkNsXoNzpysnOyq5VsLKbSMDAbnRrB20/hUeygodGQDWnH5Kz3B4P36Mv46T+xQR2bzBzZY2yse0xvgOSTBsfLdFxIsUcjZGX9JrubUO3JCdqWBFqnGmHywaBZRa/cbuICERK5VgexMbYWzIqyOibqir4BVPtYN85PDaOl8Kr2UNE92VsHhoFXe40aO6Y25qOm/sN0VX+OZVEImZUxvUTxIzHlZHxcSfEo5GyM6535IabtpnIhWTWrJpM3RAKFl3ZU1tlI+6zLlOKYyyvZPLkOgvAMrtA9OcsxxqD2oBMb+Sb23apmjajwC+ZDeUXwrvIJw0HRR+zWRfbVLDmbUR86no5ebTKqh5rW/hn6RGY3w8SyoOuL43V1xSqa5h0CyqyzWRlTtQy2SAgSEsBA0c/mG7WAyyFDMs1zmW62T3gJz+1sqJ1Jv0lS6u0s1Q+7P4oKp2CaReEZ5rKyrxq1O2G+AVFqzjFPzYOGvz0IVL+Opw4jS81kEmdnSVHzKcxcTYmvDxNUwwqbjETRJV1FSoWBocE0JqcNXDAIHRAkqd90fF5sgLEuug5MeEJTdzrucbonrvgTcYUwU9zgFPrjRNvgVWjsbZSO1+cAOzho7lQR8kKo/HV41cHJquso00KbDExVL880WpY1GJWsgcHhWwG6aQC/tR8z7oerq/SUOoJx7AmhBU/tuR3+HooKk8JphE11RKU9z3jlxjD5G6BOThNi9DCvbnpaeUTQYSsEkezvQkfkYy9ofODRtwnWQARRuiU7b/AEN/m904pkd8T1DqCf4L/KZoy/cXap2AUJsx7s88x7lIdOgbMLmOo+Ih+O44SbRY8SZkm9Cs7hexpTaRkqLtQzUtAwJVrrLogoRchvbT0zszmBfJR6hjbE7H28Qrr/SJRwa7LHCLMe0PDmuYibnE4ArdUlbJTqCZk7FT9nEcaiMTwUX5WuBa7B7yybGR5+4aWzMi/A7mNcxkdk42RVlZWThpZWQ0UPtIr5RwsrYt6n+J9tX0b5JyaNU7cobHXokhDk9rmHqBUT3xPo69k6OnEeiQcniMsTZWyMdEVVx5mQuzxJxsL3THFjo3h7SwsNJVZw7XC+Ltnss5Nu5Q+0UUzeyduNsSm7Y3V0U7bCMd2Ddwj5lNUOp6CLiSAjrBW6irHNka4OGPEIy+ngkEsJ1ElIqiKRsdOOzUniJ5MJGEMnLcCnN1bXPBFbCU17XjC91Iy7hEAm6JuyeVHoC8I75lmWZZsbq/Q5HCyZ5IpiCvZxXwwZW9UsIenNLD0gq6pamSlNNUR1DMaP8ADLi6lhJfy6WGvuCcaaTCRucRvujCy4dMxCsATKuArRyIQFldEqXw/wAn1TuhtZW1RTcH76WjjOe4v1uaHCWIx9QKBTHOjfRVzZ8az8buiX81XXfkqUcYJM7VIzMo35hhJDdZLEOlahUvCbUlCojcn+BR9eyasqyrKshWUqQWUTbJqntZry30ZYOsLdUPEMHAObROIbgTYUHdE05pJG5JMWPLHNNwpGm7HBzcHAEZHNQfdGJhRjKyuajp+ixiA6XHmvwZ3PWUsTHh3oSxCROaWHpBW6o611OmPD2z/inw4g/LTUmkESq23YjjTSZTg/8AG6/oljU9hHqhqFgrq6zLMsymfmODjYRC0eDmByzOjTSCOp7Q8SMMZ6QVdUtQ+mc18dXT0chdCq45qmiP47ZZnai1ijjBJnbg38bvSkjv6d+gFXV059g0ZRfW5TnXaD0lliyS56nAOEkZYekYRvfE+lqmvqrpzCX0QtHWtyVKqW2cji12VzTmCe3M2N3pX7nszfoEprbYEAp4yr5BTTfpc0OGYx9bgCJYzGfQo6++AsFUxc6JpuJRmYNkcYH5XYSNTHZh6DxmDTcPbm9a90BYYx6rdGOyabEG/VYxprg4dJFxLHk6hhuqSsMKFVAUJo3KpblmIzurYhFMj0QvzNwd2O9F3aU9t/QsrKysnIC3RJ4jG11ayHU5paWPDh0kXEsWT0aafknlQyNlp3tFMQZ+JtvH0tdlcDcYN7D6BTMHt9JxyhvTvJ6j26sfm65osvo0tQachwcJYg59d4O0cj0QvynBwzBjvRfoVdPb1jDzd0x+hnKD+l7bpj79c0eX0aWoMBDg4V3hJ7nVC++LxdNdmHWdUzZ6GocLHoGDjmPS/wARoOtwwBc1MeHemVLHkPQOimnMBqnBwl9zA4gYMdmGDu0+gdHFMRFx0vKGnUdXei5uMcl+hwuGOv1EXEjMnSOhrsqf5YHAJqIQOV18R2HrIuGm4/2njoJsh1t8vSe3GN/Q9t0x2YdJFxIzIegH0mFEoqJ1sSLhp9DYnfBwscDr1lM8fTe3GN/Q8WLXZh0uAcHtynoHo3V8Y3Zhg9A3HpPGnov29VzcY39B7CD1PaHBwyn0j1A5SDcYDtd1lDEjX0Dv6zm3W2DHX6PbPU9uYEWPonrjdY4OFw06dRTdsHej8+uRdEZcGOvidU02PVI3MDp6J9CN1xh8+mRr+y5tsGPxcLhjr9cjcw9A+g02P/kubfBjrYuQN+uRl/0Yzp/5LhcKM4jy65RZ3rt39b//xAAsEQABAgYBAgUDBQAAAAAAAAABABECECAhMUEwQHEDMlFh8BIiUEKAgbHR/9oACAEDAQE/Af2as8L0b6kZUPmuiGshMYXhYZENMXHU+iitGo7h07XUYYygxF89ECwYIi4nBhHlCHFFr56qLAKZ7SiFggoMFAsE9lGGMvDRkOESCHEcQomyEV1h+yJ+1+yZom91Bhu6ZBeJ5j2/yUG0ccYkOIqO4CbSYI3JRwQo/MCma848xdhKHai6PVB182jSbsu6HvKLBPb+kfRe6PQbnBlqP0/zxReVFBGjVYp3QS91p1pQ+WIViyAaXieiKCPGJCZRzQDZkFBk8IUZcvM8YkMT1UAxWIqWXaTKItCj0GkMy0tmnc3mbijxTqkcon60HDoYlub0AOoi5fohLaFEA+r7V4ZsChayzS8j4jYoGOUyEgnogluR9aTYLdGuh1S6ETo4l7Uxm9OpZC1zGQNP1WntMjI3WEDSFroXQL0AsgXRxP2kRN0/TA0wxLFkFr57qKUQpdPyG/ADT9UtI4mQ3VA0wxJ1hENIjqwaQWWVHMjlPMDSCyioI6sGl/wAPCesHCesH5X/xAAsEQABAgYBAgUEAwEAAAAAAAABABECECAhMDFBElEDIjJAYUJQcYEzUoCx/9oACAECAQE/Af8ACuvsD+ZqOEMIznuovTZAuHoO14ti6Bno4mrGAXBUBeBQW8qZ3HwoD1B5R7hUQcuUIrGce0EcD0FHENFQ8hO11yoCxKKi9SPmKG1AXEvE2hI4TIo4gbxIC6ihsv6lbib4K6ngMXwo7ROPhPLw9D9yj2od4zI4goLEp7unQtCGQ2Cof4yE7kzg1D+5RcKHKZc0HdA5qFgV8hfiUOwPg/8AUJQ4zSdTj09H1N8YofUhpHahRnzk4oFrLlpReoGs3RvLw+6GkUJjAZHcwhqg90VHxhi1ZQhrLvIY+ZHa4kNoaFOwj6avzOG8ShRkMp2jqXKGhQFoTaYsaPD09JxjcjPtQPUyNzLc2oJYOgOm1DZBIy4RoiPSREvEFyEb3QPTS0hA+6DvKJGRTGiOQ1KHtSNrhPPnGahuohDctXphFlxRzLRXOYS6aem8xpuydBFCy2iJ8yKG8oFDIigh0QyG5jbyBafSmz7kKSKCooVu6K+pQyhPFLJk2MWwEU9MvqQ3MF/dEUxQpltAvIFsBHsyKTC6FioJg4DSMD1EUkKCgH3ZFLfYCKjMe8Iwj3h+6//EAEEQAAECAwQHBQUFCAIDAQAAAAEAAgMRIRASIDEEIjBBUWFxEzJAUoFCYnKRoSNQscHRBSQzQ1NjgpLh8BRzg/H/2gAIAQEABj8C8JTx0/D02VFVTV4qmS52csfeCpt+ttLeVhHhqZbTkvdVMrNWpVRhzWZ8FNTQ4YgUfFSxy3KW5UrbXxUjliNgOAI8fB8vuWi5KbckAd1kuOAhGfgzgkMrSjZXY8vFT32cxbycgU7AR4KQwGyQUzZIWbrKrgsz4uRtlvFlMxVTtHh6mymSquVlSu8s1Tx912dk7SNxRagB4OavfLBNykMlXBzUvuKudlMuCouYtHgpW0MlP6r3VTx0tlO2baFSdQ2hT8DNUXdCz+S1p7EfcUjkbaqtW+EkLedlScNfua67O02VsI8HNZ7CX3LLfhuu8DXKyWwkVRE/csxnbMIWVtrhrZnjkFVHd92zV5udgsmMsHPbTKmVS2uGqn4ydjXbCS5quDJSK5bAYeSluGCVmeEjwQ2UTlWxw57CdhsqqKqBUxkrrlKwnY0zt4qiFOthwkjwM+dnWuxijlZF4h9F1xNPNEbrHTsOClDZzFktqSqFUUh4afByKhR2jJongY7iMMROHNPPvlXh1Q54r43J/DNVp1U2FSVcVcQtzwggTRLs1M71VTU0VzHgorOtkJrsnMknwnZttveV2HSG+6Cn/NdXFEb1Le1TIlOuEdE9npZqlazZ9FnI89hrW1QtOAriEBusmckG5WURHgR0UQ8FFh+VxUDomaQPhdYeQmtKhc5hEHMUwRvgRHJMfFcGtqZldj+z2lrd79//AAuz7QRHSmZKE/lhHRNd5hZJCVHKTxIqlWqtMdCssJwFSUp1WSqr170V13yU1NN8APhUc+8mv3RB9UzkSnw3ZOEk5ju80yKY3zBw+ijN90KJwfri13oo3wBNlndqmNd2j4bcgEGxXdjC/pQj+Lt61Gshlpm3mhdZRlC7AU3omHg6w9EFVah9CvtGS5hapmFwOGW+2hVRZTCTZXgvRNWuJqbatsptxPJNIDvUSUQaPovbC9nfkgY2iCGxhnMOmiNHZCdDvZu//VU6OPl+qMSKWl7vKmPh98GiLxCvuPeaFCjdnEhuY66Q8SzQsi9B+K0gnyhRIxycdXom3pveMobBMqerosP/AGf+gTpT0rSDSc7x+a/8VpuM7zt0uqIGVpTOiHWymCttDPqtYSWa4iyR2NbO6spUXdb6oTp0WZ+fgofVQn/3Con/ALE5hycJLSYGkQ2vuEUcFq6PBH+AT4jG3XM1qJl3OaF5pbMZFRYJrMaqL/K/8bNI+FacRmZNUgJDLqv3LRLjB3or1d0nTCR5G/8AZIw9BY2NpPzl1KiNj3zDIvOJ/mH/ALuUTgQHKRzth9EwWDYzVaqbbJHPYC09EV6+DZyqmciConbRWM195X2TY0b4IZUR0LRSO2ZOURwGSz0WH6FyeIummRGTYYAUGHeuzOa0UOFTMU3qcT5L9o6Lyp6WaT8KjXfaiBdq99bwEgOauQdJ0aDCAlIgH80WnSu33ljXAN+TVdhsaxvACz/5p3wtP0t6Ei1vXYnDMYxa42Hr4MDko0HtYfaBvdvVTzpBHbF3lmZL7LR4z+ZoE0QIEIP3e0Vrx+yHKn4K/p2mGXvKEyE3Xa6gfRfs58Rlx3aEETnusPCLCmo8Pg9Rv+7kYbhIk3hzCuxBNvBUgQ/9VqMa3oLYXNn5oj3G2xW8HI2N2824vTCevg28mkqIWRBMjuvYCP1Cm0ua6ctaHeYf0Wpo0N/+clfGhQW8jpBu/IBSfpTYTfLAh/mV28YzcP5sV14qK/Rr7b1eBkmRNIcJtMw0frZoMTm5n0U/Oya0h3OX0WiaQ3OFU/Cc0CMjh0RvH9VE5NFsUcQCjspI4q5YjhPWyaq0tONx2MU8GWRW8IzrTcle3TQi6Y8x4oyn3W9AtJd/abbBLc2RA5aPE4EtTT5yXK7IXcpKJoj84Xd5tw6JyZNRvSxo4gFDm0o+DmDsXdbDa7CBxGwaeZC0j4RZGn7cQuGF8Xe4AYIh8snKC3gwWQ9LZnC744tQLag4J+SD+a0jrZor+Q/FAcH/AIo+MPWw2tPFuFqd803pinwetI+EbOJC8wkgOAskck/RHZN1oZ93BFjH2gAtJPv2Qj5ZFMiDbHbysNsE4bigRfQph9LGfDYDZpDeRKjfANuCRUZYYzuLzY1pyuqXgufgG8sMxmqb2/VPG9pshHlY/wB02RwVpMPyiX127os/sIeqz3jvOCI8+y0ldbB021FI4cprhsxbL3cRhOOq/Lqn9nlEbelxs5tsjN4izSfROO6NCntPsnNa7i4TX2scP5Bkk8Qu+7VCZDZk0SwFoziG7aNvXbnCOiliYNJBfc7rxmEXwnAsfWifeiFsNplJuZTmHNpkvROHqo490LRorfYJB6HwcOEMoYmeto21ZqmCuI4XYWp/XYObF/hv38F2jCCyIL0whdMimxN41XJ44s8HM5KLF8zrAU3aVxSFFQTKqMJtHSx1hsnwTU8c9iTwTOq92JT1UKe+bfATcQBxNrg3vRNQIjgEEU3wkt+F1rTysfYTaWp3onddhFHJMPNFqgRDnfkdrOM8NnkN5X7vopl5orrv0zX2ulMhDhBZ+ZX2sRseL/diXj8ldhzDeE8rGQ90Jsz1KeORQskd22plaXHKymdlcB62t6WO64pdE/qvXG/oj87C5mefqmuG8bELtIrgxozJX7o3sYX9aIKno1GK43ontRYhmVLQYcmf1XjPoFPS4z4nJxp8gpshMnxlZVRYx/mOn6JnMIjhtK0VF+inE+SpQcFmpuK8rFqhV2I6WO6o4nL1xu6IO4KGSMxZOA4fA7JBuktMB3Pun12PaxpxogNC/JvQWSiC8OCpgiS7z9QeqAG5Q3DcVE2dFxKk7ctUTdxVcHLGcTuqdgKjHgEdh6Iw+IUOHFFQJK6/0PGyRqF+6xTD9w1b8lLTGdl74q3/AIQcxwc07xicN06Y4UIZQxfPW0njs5Oz3qTdUW0C52crZDNVwOtCKmvVHASo7uLtg13FNRed67P2pTRa7JdnE9DxToLt1W9Lb+jvMF/u5H0UtMhy/uMqP+FehuDm8Rs9Ji8XyHQbW8cgiTg1aqZzOCamcJtb1TkF64ALKbGFwvWQI24Ouu6GyRz3HgspRodeqDhvwX4DnQX8Wb/RS0xmr/Vh5eoQdDcHNO8bB7/KJqH0niOKmSk0Ela3yVccp4wLWdUbJIdbAja2w4R1Tm7gbzUDxCeziExxzlXrZMd8ZItya/LkcV/R3mE/lkeoV3TG9mfOO6f0UwZjE7RoRvRXUMvZCliKyrxQnkqWSZ3PxXmKpJvopviO6YK2TVdh0tCHW1tgKHWdrOuOEOL12je8z8FBPuys0iFun2g9bS5uar3hQjHPRX3PcNWq7pLTBdxzafVTYQ4cl9rFYzqV9jDiRecpBSe/s2eWH+qkwSGykrgy3qQUlI54OSntrybLjaLZ2tPA4p85LR+pNkSF7Idq9LIEXcfszgERncfQ7HuAdKLVhtHoru5tlNgetnNDiUFrZTTicztzaUEMczU7gF3GN6lSfEp7rVUuPrhlunNMl7LcD5d4awTIg9oTtLSnMd3m57EuO5TOZrZXYHrY6iFDTkprW8A6wWDYcmJtksQfDcWu4hBmkSY/zbjgiwj/AC3kYIccZHUd+WxbDHtK6+h/GzWCkFXEetkrJxBIDIWO6+KnwVczVSK8w47G66cSFw3hXoTpizSR5gHYHwzvCMN9Hfmrrs7RM6rqdMDnDcVX5LXm6Hx3hC44EHfsPWwpnS13XbHANg1nHBMUK1hsL8J1134q6/Ui8OPRQz5oZGFrvZiV9VJ3oVr5eayYzCabJoniphTCvQaHe3cVLeMwd2xKb0td1sPiC70GGRU2VHDYwTG1msPe3yQLTMHfgm3vs1gmPG8KRX2RlyOSNJEKbe6ahSbUoQwZxH58hb7pzsDmm68ZFXYkGvulaxLPiElNhB6Wm2iFtfDmymaAxzycpO2GpWHvYr0M9RwwRtH3A3mdDgndl0Mk5wEgPqofafxX67uXAYLh9LOB3FXH98fVTlI8RRasS8OD19qxzeYqF/Eb6qbSD0wu8Dz2HNTKlv2EnBTzbsL8J116uP1IvDj0th6QPYMnfDhDPYhax67lGPkkBh577KUcMiq0cMxbqG6foq3Q7mJL+Z6G8quZ/k26qwz/AIGa78jwNEfETKmczYB7W5Si/PYzh/LYiHpJ6P8A1sLTkU6C7vQjL03W1TohziOLlGdxeURuzGCYUxZfZ3h9VMWyK1DTgVIiR4Fd35KjyeTqqjf9HSVT/sFl8vAVxT9gZc7XO9Aqr7PLylc+Gw4HipO2FyJN0L6tQc0zB3pkb2TqPtdLN2qE0DdRP+Iq95cN05G2+MvaGyykeS47WuO431tJQtr81r6zeIUxjk5SOXHYatYZzajdM2up0Und9mq6yGzc0Xij8SjN99SRB3Ya5i277Jy2c25qufgaZ4JccU4dD9CpOo7hjkVy2F+EZH8UJarog1m87I7zxEkfiQfuiCXrYHcaYZhTFkirru8NlIrmq7eTVPM2VWfohOmOq16t82ORXLYUoUGaRR253GyiLd+481XvChRGK6cjbeb3gp7Lmue2kMN45mzU+S4HHq1ZwUxikV7uxuRZuh8d4X8ZnzWrEYfVT3OTYYzctUSa4Yq5i29uOeyvfOzntKZ4ZccFVTHeh57xxVMcx3djJ4DoZ5ZKdxjgeS+xcXN8jvyQO/KXBN4g4pqlt05btld4WTGympnPD02t5tHLgd4x3m5bGRrCO7gpgzBQe2kQb+KZ8SIxSOVsipOzGxDrZ7Ge7diJ47GuGYo7ipGjscx3djI1hn6KYMwm/Ejjkc7ZjvDZS4bKW7f4GnyVNp7uxkaw/wAEyVRmvTZ3hlv2M+NhGOQzxgbSYoVI54ZHvDFVctjy2M8Et27ZddsTs5i2Ts8E294Y5FcvBSwSOY2I8VMWyOC83P8AFTGKRUj4LnbeGY+5Ji2RzwXhlvxyKkfAzwS3Hwo2/NVsrng938NhI+Bl90VXKzngun02FfA8/umlknYK54+f33TOyRytmM9hMZ+Bl93n7n//xAApEAACAQMDAwQCAwEAAAAAAAAAAREQITFBUWEgcYEwkaGxwfBA0eHx/9oACAEBAAE/IRvAJCJbLoDMiQi0EuBm2KkpJ4RpA9pKg1FdUNL3jnZkEC4M0NQU1hGB2IggiY0B5kEtRNx3m4tJtYWUMagmIKZjFEV6IsLi0IuQhFMfIrF7CEyaMfQRoPJNF2VFoBLTRIyEl8CsSQEhBgTLFlictbHYk5iuTG23uwkIryX+jgILCx2LpJ5Q05aXka8+8ag2+EQjDJzgbbHYEEODkI3M/Bcu0/A0whz0ElgqAgpz2skkuLFmTEsBCWJ76lr/AHRd2WG4TFFS8sabixB5FgVE2JGiCB6KPIkQQTPdjHiz7ECLDJFZJPLsiUrCghGVhBori3tAyibs+TG/0FJVgmygNrh4dJZLUMDfqG28s8kLb1k4IciaiZL3DQRkgtx3Z8hJjUrsNK8Emh4NxfZh4jzJJYnIoB5aFgJjCXEkRYbhkjdh7i6Vo6UCWqS18E4p7jQPaiRoEwhJULL8jZodxKaUsGuJ2ZlYnUJ5NVFv8XGm7GCxm4LSwhb/ABwXC5Wg0i3UK5MtzuPeJcbk4I4MW4R2RSSOyEjeEypnSR7mRcSxhRCg8DUigTYVC3VzBdOYaNUkztES2om1BJKEQjIyc3gaRv8AjZFbYmN2eCXUYdulg0SUEolFqrC92icGi6ZFKC+4hReY5CBjSsCh3VMx0yrYjRR9xqYCGNoMljqtEgkoSUw4kWRmnhwQxWSEiciMrQWCVGj+QpWBqcpwyDRWbGY1A1g9cgJ70RD/AOw2wSW0CeDFQ2TQRc0FoGQw5QpDKqGsPooRLgwtRxYeSEKM1LV3l0yDVe5i2yyJdiD+4xDECT/ge0RmDA2DZlnn+RAqbaej3pwOxeFs4nYkOAILQlHrqKyYmLGkWSJhjMKMYM1RgPFHYMZPA8i3Efc8Efmi7Ah/0BEcbyCpLEMItCTlink5XuRuDBZdF/EV7dXKM96NEjwHuI0Eo8X2JlKunqNyRZvoyThDRkQrzuXE1gkqNBpRcx0GQJg1CVXEeBmVMqYlziytjASx7qHaDXorYn7vccchhfGxCpMOImQ45CuMrljLP4vImvSrDWxmnbIvZcipwgca9YQy5FNAkLepGocIaD2jVGGoeEJCRujMNDGkkqiDIM6QSkZpC0VH5SpcF3Xe4lwv9EwrIam7uyAYy1PIkd4+0kj+MhasPpRFXpQjWsMyFgluiouH6GTNbBM81Q67k0OlmA8kj3JEMTi6L7oShNTQrYkm+phBomVkd2TJv0QQcM3djwRKFwL6mAayQtp+48wiVJr/AAY6FdRR6MXXf0v+CTLwSxqlDm6XXYepFq1hCy5PhGlKHG604omPVEBwyxiSiWp/fkJh3MFlgdtz3YtafAtMr3GtyNBEkGwvChGGNI/4LXs6FZiXMGjT0772Ye48mxyh58Axo8J1NC4b2a5ofpNNCU4VCJGGoJJadhTmsiN2iJvRoNoiUbIQ0m/cg1khXRdOxZuWDZdExO8xeivQy+/UrU16o6OVkU1scqnMhkS4GaBoWo90Zu46InA2GoRa3OGKztQQOrCKRlm5ZIlShps8ltMA1JhKByGHPDQeK60a1XonmkdLXpPnGdhmhkIXTXVEQKYl8hF5IUloMncewiVxxSQjuGoErk0QRRJJINBoSiwEpCUZXgQ2ohPDAzprtB7iHejoQaLx4hqaIyrl0PzHh/BQ8C62akyhfdUbjJlZqiPEIEC5KTn3Wx2vIa9E4DuyCaSrGOS1NDMKJYTT8ApaUDnAaSgU7Jo1zKU/cQYHasEs7xnHTR0LDFlXQPT1UEVizlFH3y3Wi/ISkq24hI0W+xloxWegLklm2InOjqSRc1V8hZ30Y4TcmWsP2hIg0JDIlPJa5FY0bSWvOCMULLNEkxtTV9Oirwh9WTLkbsiHFcR1dwFRxQ0DXUxwREiKWfPGth0k1JckyNrjNs9h0yJsbkYUmho6KdODpNhZRgJiMxYsgrIho2hylKQuhcYqpTkJYWXlmaQg3ZDSg149bwvRR5hkWQ9mMdaEoeaf2SC26Fkh7oSwtXXewlNrxOlwYh5jLsR26sNMQguRCMTJcTTWBJJNmi1pbEgbC6D6GpCMQZiUzyKCIkQlyZdkPzY2tDVrtFgSUKhYEkQ2H8BFwFfYHSZM7YEtSMoWePvuqQQLI1s0SRwk53EUZpsrfySI7BV1pSJdaz4HImbIECGBNg7ExC4rmkhp0owJS6J1ClOUKdveO9yxPnsRSC7tCCEj2IgE0Q61JiEeSTgazJoJAX7RqYdFkcD/AIXZ67TrukanAvSVW9jJuwnutGJGgc/ckVWTeqJ7kf3gRo938i46UVhWxsn0JJocq6mYSE8MSYbP+hJpJwQ7HJhlC4Fg1sSwtmJeT3E+Vimh7i/tGgbRjXkurX98QilreKUXgXYGXFgN8WPDFge5WrQS41GxPoVF0roeCBXFiG2tr3HMdB4HnbR+SJK49vRkXZCllvtEuNnkRJ8pbdDInh90cSBGzuDzrYWhvw+RKp5MbD2PDidGamQk7IiDHyKkV5CH2/IIT/GhfWiwXeTChS5KLdrDpmRHEZZ8PZipYUCw6fKFRCyoZWMiROgsLm3hI0eHsJaqKVZkM65jVlDGhbYZEUMy2V0LNF6LweCju5V8EcrU9g3Zn5Ez3QXjDHeRNP8AYsTDl/E4IAlCv7KQYNsP3m5GnchwjaY9uFNl3J4Re0n5mGVKwhWe/lkZbE3Hl5UKrHwCRvA53B70SeIWq4GJKmuSffS7iMGQDsq3R4LA+yy4WBbuKLK3YQ0ZXELcuxjbM1DoZBwmokcxybLWIaG7D4ZHk/ZF2H86G1OB014dC1ovQRBb0pEGahqXyJrLfFFxgeWts0icOTkUp+ygnZFEOCT9iBHWVNxoSYrLN7CEt4Ho+xYzeknG0RViSmfk02snCyFKyLPb3jTyNqbPfuIAdSKGzf0i8DrfrQ1Z1bbCJS0cJtRKNB5PhDz2f0YFKVOJsYVKNIKNypYxpAraBsNRP7obXCR9mXhfkVO6dRzw6hqGNO7fRW54Dmn4N5fA6ZAI4pjjKSJOZsm1fAl/LGW7oZdGT6C6EaCIAWdveIF999ISLcN5MDyRcPB8UgKJ2aELkksHDEk8iO9gRzi44NXHLcIT7J/gkdpr9kDGErfcTGNWTmC+ixpKLiXvbI6oy8DduysXLIP5aW7++BdhxivKlCH8IKh2GPGNmiJZcEl4olXlp8hUFjHEWLUmQStFvAakDYj5Pvyo6INOB5ReFMiVROhK25YN2N1r4yG+QYYpew801osvoLogdOVy+Bzf3t/6O+4ca0QnIccxe7hDWrrO5O0kaJ4b/AmQdTwNvcnLFxUw0LRNc+Fg1LFbAkXKn3tYsWfqmgoIJ3D4SLuElATThdiFXKB/mA5/tIlF8iosMQkNCwvK/ZEd/gKcBoEQ8K2RFxJRwLQ7NKLCX0MkLZEq+DKmrENCkZ0PcMgdaUYebMfvX6gzdh7XMaEKUzGR6iHRZq0FRdKGct0MxZCHS5cCtmQtqInin+4l3lrX+ASt5mkf08j4a3s3PaXcgiudJW+w20BCXa0meo8l/wANunR2dyBPEORcAB/i+0XjDOhmoPlGfGFogaJVrMdDAgofyD3RIEEvcL8FueKXAECAgEkahC52q+RY1QpN4ch5Ny5cl42HYNKcVW9xn7UtCSxh0IYsGtMjQwVFVU4NKAeWMfCTBHdcWLaN5Yj08i+P5RKYu8zICIn7WELyDUesHsifwaGI2kt3xJImzthxF9RByGz5kiRXCvJWPIoKDmRK1Z/0MLlEp7qrGcBkjcrYkjJ6AUuBoiRa4lCYnLJURkEhFkWhfbHgSGdHSTGQ1UaESLzUwGXsPRJMRS0SnKEPBhjMDRTmLc+xoYDMKIVPGKvdiU2OB78ipjLx4fJdaIln7OolIohK9/8AKzASunZZLSdU8okxXYe4kQ2uC0DCJZLvVx7Y6GRnRz+JHnhj8Emkyo8j8Fb2o2hcqCEwEXlkeLAe9DHTseGNQ6NBxt8DvQkaXdWhDIOZRo7A3RDeZGYDwNCdgiLPSwlA6mFFEP2e9EXjEC2fSnGc+P8AvRui6Pc/ShFFkN2EaufbI0pJSmtV0fqm4k4VXwPM7GXsOKMjsJbyMS5kjo7qTCEUIDccxWY0aDgdJ3RvakBLWG0QRYdhA1ENYPJaRuLA93geDA4wh05Gh8UhWjsFs24eBqUcTRIESj/q9xC9G88ZxwuKiGIllDTLmcy1bTxVk8JatbJHfqh7Mm1Rk5Sz/BMvehoTN4hOqCFIt9EhIZG5tWIZqJ0NMgVEZqvCGljVtEqICdJfBj4HUxETbKuiAFdfPgXsGwzW3SjXnNCGJ1pu6hknOz5EIXqLuPO2qzI5OfyZjMNkTL7ZdE2GPcNYYsZv6a8YtNPeQr7jkGmRImZijPUJtZk9IgTJF0Glc0lRbsZmPbzplVmTCFhyijZCbRZkfdF8wvmnaixDREt7k95ohC9RTmTmr9DZVYpyhfACbat5uMGezi6HlkmDIENLG7liLpeIBIJm4Y4oMMhkQ7inQtJ6kGovEeeEioqrUi1NdE0KZKe0FQsmomArrPQLCEhH1arucXta538bRhQr7g9jj8xKm3uCdxC9JHVwAvYnSDY/mWXcUi0m0iEoWSjGTusfHWhIlDeyQMNiHyMMyIQZjWyArLkYXn4N8CjsXKlpIhCViFEEGSjErCPehsjBR4ZYQ1J7HFNK5Iixp+RbmNpOx6j0rCBk5H5cy8nJ2jbh5IN075E0S+yAQvXYyUXyZ/g8kHcj4dA2SQ4JKZjsoREokk7IaQnttAYy9yUlgTzCUm78D0rE+g2qpgLb2EfVLVNJIi/cIWFc6LFVRoJdFA4qZE6mtGSnuLJsbhoa3Q6DY/QOHQhesxiHMhFLGP8AWa7aCxJtofEosNiknLFAoawwZppsQ07Ep8BpBoEHizF9xrDHAa5Db8wyLVtiYacIQmK5GQQCRb4x5pkMYvd2En2EbDUXRImZLG1L5Hk9gp60ZcaWQCxq72pQvUk5v2wiZUrAx79Dl5c/B5++KF4XJezinkIaKJNaLj3IFCGMBMYI8h3wTbY8mPTtBFgGxMnQae9R4FkBCX8CxI784auJeHhmyCduxZ3gkK2brTOU0H4RRbbXD2ZYURe7hiyIQupCKdXBNEfBGTsLLMtm0a/YRJ1PJa/fYhUx2UfilHwQHkyry7NkMg/9kex3T9B8Ug4MiMzP7pZiHuJFFRY1DTZbj53L+SOrGpjtLCq73ZYskwI53jLMP/Amfkg2SxOkF/dUvrSissFl9GTz3Lmqa1DvBmD9xGXW+GIfpMS5GSOtiPAS/WUxiSRPpn5R6t6cIVrK/rL3ZNZHPyzouwyrbif6dWTPCz9IbpIuIbUUjeCux+sFPgiN+jkR8ohGikkDDEJw7CtTLWBKDTZESl4GKSZJtThahDtK/wDoUly0IEufgQaLYxHY3yzjFob2uao0i7GEMBb1ww9qZ4ZsjAwyLLGmAWzT9kKVz0kIxTIjwYkiJLab1odtInd3X/oedDZN57H9yRJpynhoTJEySSRW5rRjUzUk+AVItZZlgQwiS2VWx0rg7oXgSQN1JT7EXfGDitg8ipfcIGUhN8CCtHAqdhFipamiUJVbYixso2Qg0GSXqK9/7Go7TKeCcocEQKkb+BYUWCFFwZwLeLR2iBbBUlJIjb2kF+Q7PoVDxHdyNikvsSvqSWqaMrk/3c0aaQmZT1HsqO5/h4IR1u7+c+RiZQ2UxOsjhqHge/MdhJJJNGx+RXvLIcmLYSlzkI2Re40OkNXMNGo8aDqK0rK+g1F2EiB7Jks5g7ikQC1G3RDsv9ltkZpC7CQoLr0QXCSuCRdkaGByjwCLLXAt3cJHhGriJxArkEMEnDfYQtCLqHBbcmPHLKNTGPYX67QguW+ORuuPwKNcNy9f8CdGvamftYMj43bflWQvO/D5VEkk9DZI2bA/FA95AFwCEhDZdUWRC2G0yZDUEJ8YLrFcVpdjkdovctQibclLmZjZuJuQShWFdI6kFkye4m2ow3mg0gSF9gWu4EoBY73Ya5coalmLuLQ5gtk8shDhGothKVFRCJZaptohdsyJiJElhD/pqPsRg8l9ZiJqcP1ozCegmSSKQ6c2F3YMilnsJ+wjBE58pkkkkkjY2S1q/AaE8uTu7l6JDMmGUnaFdIY8Iy2grbGYybH+g5Lt0iFMJ2ORd8ew0Sw1kmmpo2kLJNCSIXcaEGgJWte9nSbSwhoSHvBXBIWJMIa0HuRKOUPS5SGRJDk9wLYcyyNaIjf1j8jkihDsEb6DN84l30HZth2rOkJZzt+C9VLlPdQulyaWf84yclcCv/s3FIQZdNYdEk0Mdi4VrNv8CQJhKBXG8FjuIJlA3jD2XxSGf7Q5PVliLh+ntf1geI+gzBXEhFh0vCRtIzKxLaRRcyk1QWg/2kjPcZlR0bQyHfAgpQeRotMl/Emx7W6Eqbi2HscjXFHMK41l6yUMXcYRBOw0B5qXhD7LSTn51F+Zf0DHNSdnL5EyRFg520awzFYdwnSSSaImmmpTEsCy77408E1bpvZaPIqunV5QhntzPsOr/QOWS8j4m++RD/xDVSSmgIEsRQ2b+xNjFSu3A2+j5uBowpsJglklJwAl8FzwS4GuGIXuhDXksQIfTcM846Lgzy4ggAalX0GsXKIcGRRApMA1CaCpy6fo2hMoFmod0x1+lvuXEdzPluvkTq5a03Z6PokkmiJqGpQw25j5fQcy43yHIV677jQoe0oDIu667kqHcOyE959iJ1lV7DNH1kuxhNwhlN4ZRwhncpJJ8jZa0mrGHWibwYIlVx4sLOa9JIcmweYGosKahscZDZjEed/REjwgMjuw3jBAzDySNoEaMnNPDE6ExqeL5FcxCJCpjTfwJuyHwn56pJGxWCJJJqeRigkmBMid5JBlZ0Eal0kO3dDKE4kWGHDJxyNpyJ7iFLtcDct9xjdLyYdb4wsEuwaMeDwN34DlEkm3YeTJCEHYyPLIlbknmKwOgtg8A+kCy/XAmJjuJ4YzMlnZ3QmTT9qPd0SSTRsk4Q2l9kSjdp6dhdMjOASFjkElmRDJkMnFjLblRE6RVi2Grs7mvI0sC+ZRkzToeTCkUQQNDMeW7UTccGbFiSMmTKUgY6eCbIlX0SNRyBCX/DLdlleC5dGAsEBZYZH8gP2f6F1T513ExdhT/QmJkm2BJ7PQfFVZ2SzGNcL880k/K5BI2Nib6XAuxH0TWraEZ02O/d3Q0XEiFu8ugaUKY1puhQT7vsTSO7Ci12XO4joS9/8AY0ZMStUgeRLEEUgiiejQPkCuJEsmUgyoRoRMNHSaX2Qqz/c0QqDZ6PqViUla1Nu5DhRb127g/wDyIciZJJJDlvhLP4NYCwZRFl4Jh/0M/wCl6OcVRDGwrik3DYkedbiA+zGV0l/0IZJX94CzJhCE0yFqIuLBRYnZKHEnuPsY+UJZVmXRSQID2GtRrRDR7CY2070EJyaHkzE28F0KchNPRk79oQn1bpCzHaSXeKL7iiiUpMMTJJHPO+3lexeBUwiYhNPKYjPu7/A6J3Si6Yi8uwbcCSam3RCNZGQxYpcX+jJIpQxu+E/T3ROc11zcwxtDbZ4iBd2kkkwCdEEsRWIWdoZAmxk16jk+w8s9xRUQztqNyJwrEiRJNLHEnEjApFrdhMaTIawyGlj8yyEodBdVrd7fuRVh/D6ohWGoc7j+ti6fGTPcJkkl6fqrwySRjFdPM0vYhFQ0y2xygfA8FDtSNy934JE5ILoyhrtKWRaJuhmDnsvg9v5n5QlNJo2r3YXYByknUEhCSKD+0zCKh9Uj6VWGDGS92mlMTSagkIM0JiHAsthERDCx3ItPZ6F7hFmdzbv1QUFxxGq14ZHoXsyTJP7AhsicqVirN3+ZfD8ixl2n2mTKkWuTxtRFTbK2CeSYGxW4bfmeCcPuA7NGDadlPZjS44cw8rxboL6EncXyPOxFZ+ox3NxkKSJCfatQ2H7uVDNBltOnJDwLZcP+hMXXPNp6nWHZrR9KcDDS7ldNaDE7tjf4/sJiEZVDQwmbzvqe1VMeCuz+oiaUAW94GOzop+ZboStkp0iOxbNhKx/VGQpTWzHqf9dxTzhHEwT3sIsINlKbQ5d8HYd5K4j+UOYl2btKLP1WiHoNzZQSEiCxbX5TeiY0phFCai5Gc0/sgtl0uWyvQXT2UIqQ/vpTihZId0RGy3n+xCIV8k1Hj/wDw/ckkes2PzEMCDH9dyATLfHS8DHeqPUf/QSNSrp9DqxjTlciwuGG6zR+lF6DSERKJBIJC7Vtf4FCSSslTgxERecsVFahdYTKPpCuu6EpqaeqF1Q0lGUjY3dKcUEJVfP91yImDS37hSz3mWpJu0u9hEvGyOwmfvcRMbDsSzJopY6MsHKo7j3/AOLx1sdbix8GS8JCZXpMSJk9AO1j4RbcvLe5kTyJWGXzqgU1YXRKO30Fgudr2J6nlMpm8nw+mRpEznZ9u4eyOB4mGqFhaHYkd5szk6OwZEuLlFtVytISnA6Id/wGueT556nVjdbzApZwmo004sa6UResECXQ1vI9XoiRJ8tFtkiMe1rku1fcOTlEfkXRHlnZ6oVk+xs7ic4F0tSJTNwPh9KYnImPKbNF01lElpYNHu2ZIqYVJCn7jLa0DrOLBsxLrVDyGWOiPEBwyaOccBzwIWnttV9DpZcPKZnrJZojcMDlWefTmjZvdewqJVbhSL7I4Q0khqUPubyG309hikldOUZavU29hRbKfUpyJTHvKu2u3SnAxI0kh4IZmgz/ALUIJXwh9DDZKTq4Z8jspInZai1mRLZqiW6LVyq4/wDbkknofRisO1EeV6B9AWQshEiio2DNgkJJVaJCSKeX8DT1NP1H/RMrGsp5XUhialMc2T6dKcCckiZdiV05PkiHhqU4lpB1sdwtMpU3bIk62NXmrlL5W4tTwdHdQxt25/gnrYkpp4LJbP0pNufY+puiFNYR8jpdhaLPXNJ6JZMPzwxck1Dk0J6WTIOa26UxOkl8mR9iFFa4TWo0de0NmN7QTgn1d0vwSSLYDr/3XPo9gWfYd0K6Hkisxr15FkibnHD89Vy3XXI0vCFvYT0W7YcDEYMrqZL/AOLpTgTrcY1dfZCisy6aG9kfXo+iJIGk+avhwn9CpV5W3oJBpjZM2C6oa7udu61q4+7jqaGjOBYFt6E91mmUytwh3arVdEJtNrBJPSkqHgvCy+Olo6LpG5X2RKtahdAyoqENNNWaESa61X25/InKlehZ6LGJKMdhloGocPoQ1bj4FhC6vmXpayo1eSDU2D9xOkmtQ9Gh8reQknoUxJKY9rXfHSxpVz/XYeVfFcaZCyqHBNRSUrFe9/Zx6EwjIZwzDcKanRAkTV5fXd4XpxP3kJyNSXfEe5NXQdGB/gTsNWa26lORKYyF3bD9E1q6KpuSp40qqJj3PoB7LMyj6AaXW0JvYWE3d/Uh+VCcjUq5c19HuTVuhsrYKTgfU0olDPbHv0tXXoeaKAw2MyuGao7f2CEIaw+tqR4rII9HT3sL1Z937E/cdyT2z3FWb8vH8iGpTsT1DG/qvpTpr0ZdT4XkQhrDr8AehjJhWL0V6/Prq47hy0WMdyNGCk0XkiepcTzox+sdKZr6a9MOtiJLsrPWkowVSUP0Iy/gLWA/K+45VmYbtUiRp4Y73puutPNoxGzWS6dfUZLCuJehr0T+gWfXmj5G3XrYzdH4Rk0t2HlPYgRYmUT1dkYHazz0L1EG/cTqut+os/w03WfYi8NHwk6q01jfKFImsVTHX9gn0Hj0c5pV9b9TX+Iq4aDoa2rapYzWaTVFjXpVHj0WhI6F6f8A/9oADAMBAAIAAwAAABA1lNKatVImY7aaVu5W0Ub3f3coF9nvhQNDE0M+Z7677GUwYGWkEE03EOP93XKsXmkuGGZHB3PsMNsCgYAqYXmH92PvP/uvd3v70NHn2Ww3J8E91b4M5opGXsE/tMvvPXuF3jk9LDIl2c7c6n99sMmtDwlucf8ADdxsAJoEcoVgfNyZTZtCmiz93ax+4G6HPrz0VuCK/QAuCAUlnnllatjnuiZO2WXG4FhTbJ8QwiWR5lhk4sLeF3mvGlfBuaTCM3SQl2/pcOOmrQAV9z+f5d9EE0ZaJhVGjKxyLEhAkypcmOI5VcYxC+dp+T2XDLRyfCxGy1J8CuhAhFjSeoVNZDgZgcBVKTFAYaBl+ZcGmYF9e5liOC/Co5xdqYDX+zhEkRF/wCuPEeNOF81yaOGG0dZT4zH/AGL5PE2vCIIzXyNZjBWmcgybMHhYob1uUhPjXAy/xvSxY23tBQaps+9YuqiXgWNSg/UIW6JUSq9YPLX5lMrk5wjDXX1HNCbdTpjauJlhSuxIAa9nh+r7/JNh5cHfOSnFladqfzRNoctL+qyp4yKsMGnn77SxYozhqxYKr0RkjhfLotlZJb79942WlWMBjaKRYzY7iyu/kLyWTJYUhbxTKMbskfpxOSYRDHUR6lROVUAMSxi9jMgftScYDh5w+5ccSJcaxFSTzr3lmHYFHCbZQ9xWe2/CPnXQH7vxneFujvGS4XdGQT+7h7H/AHCMHgUrIPSWFX5Lb436dul/eS7xjwT/AAXQrA8/oVU+VVG+Q4r3BlCWPciUMZ8QnDs4sEUg+hR9inE2a5oEdJeePHpanPXLySZrkoYOZu6cZM88ae/DrM+uVEY00nNRiAn9Wu2yWoixs/Lgx1Z9AhGHMNBZKt/Jbq+paLNYfsFdS+mPBZzV14AAq+HGhwSRWZz3vbo9B2sahe/bqKMzoCUMpcF9O9BsRKCi1eyO4vEeJdtNEkbiSTAcue+YV4hBymasX/HTVxafKz6yX/yqi9o8uDAqPcCow1d9kt9MvQSEb0HFCRwVuqqotiATT+MiYIwCQtlPn/RnCVNbw2fa9RCayouo+IPvflulGebN9pDDl3E7oqQ+cS5xJ1d+qzsOjrbG4Lcs2LFZPGB8x6/v4/eo4D/YQxGaJuFdj6zO+FLA/Vh2fBoAdWmwQbxyO4oeamvtNY4txeuyjizLI1TL77Vwhem2abbFhaLQKOZcTm/hVNvj2u/3AsK+/j8+/wDel/l35waWx3NGb/P9YE4/6xk56Oftuhr7Tff3/wCML3558EF8B0OEOKKOJ3/7+B8B6BxyF33/xAApEQACAQMCBAcBAQEAAAAAAAAAAREQITEgQVGxwfAwYXGBkaHh0UDx/9oACAEDAQE/EKvwH4UU3Nx6IFR6MLwFjxIM6HxGKqHV61oXHxmJjsmPAsiq9ariuPHTkiHBsbRrXgIfhTrfEmVVj0rwFb/DNMMRsbjFrdJ0Lj/jVjYyMWjcWiSa7eNBGhObM8h5pv4LHisW8GKzTaRe4PnV2HYPOvevnRqaLwUhZRcXHyRisGn0HtLYSXHH/vQgQkv69P0ZNm3b5sxH33ati/QuOm1Jo80bacUWTY2I3VHrQ7P2chYXxn7uLB7f59chSJNmvu39ENSx3AhZV6BysnH+fp7omvftTTcvh5ftCdJjItMN0WTY3FisO/gbMS/n/HQVJnjHOOontPIkmmvTmObHm6+L8rCS0vNcxPefJLryELb/AH5x8Da5K6fve3ySy74m5Yl6dDAWNJmRMl6G7vgYGw9eFLFifK/j/ohsm+H05FJGrmS8OSX0Im4G32k+Y4/B1FrM9+ZwKKSWwiWC70AZh7uZmFYWTY3FimNTBi/osDrG46paPNc0JdcY+m+hGOAiXQSG/L7S/ok8Ynyt9n0T+E1zRYXsfR9PgQjK8nkxs6HJGFMDEbVxVUVFg41SlaRTBvNC5R5z9Nda7zRJPwT5qOoodsH3/wA8yStku/vNE9U/pDoJL8yfQTn1QNYmWbm4sCxWaqiGLCFyusL+899RqMj2IwxKZ8E+2v54G7XDv6pb63yX6PDTQ1jAVUwseAQ80mEfew7OKMRPdno/6RPlOO/sV28nzQs+Yn4h/mpWGlKEIkhDxHAud+UGaEsYVbFgWKNirupgbunGZNEDcXM392/MiQh8en54CFTd8DXNuO8MWKJrJJnTg6iux5Y7sPL9h1mIfmiRQl7i5f8AdLwgmbXcu/T6H6/ArpJvzt1fKPceZ7yJ7CwPFFSCLUgb4EEixRUDNw+QbUR+cxXR+q5QNbMusXEjtXAYrYIpcXDzd+UEyhI2JMtDozBNNkN2ZsjMk2SFdtxFgaEWd2BId7579hXGogQmoZdYYkbh50SEkS3E3+fRsJiwNwhHkNzXzEhEUY8MbwZDHcbhURAbbrq6MW7gt/PqBqEbic0zZl1i/fefkSMssivN4mLIiUYLhArIxRISI0K7ip1XiRCe9Nzj749RKJjuR2R8Vy/GqL8tLr1DIijQl39yB3M3qmPQrNUeaKjceozgStSRMroVY8mJ8Gvu3VUSm7fv6Yrqm8Uii8KwsiuQQdZkVhDX2/oquk6HkYhjX9CTiic6E8k7/jnoJp3VHafHms9GPchIaFE+hkb3LtFKVRu1EhJD5hYIo7kEEaGLA3A6pljSG4C0sXWbX79p94E5uMeGnbf59+hJIhOCYuhOiDVEx48F0gwpGOMMaiqcEuawJwSvzFdDG3flgg3fBLc3lsLDmm4JjUEkkhFOdbpJIwVnSYLMarHZ1iilE7dvo/Y2a42Fn5OftrqLIVJAr2Ii2lPZ+C3SUNDpPEisGROjRggs8CRXHF2xMgRIqZ05QnqgdFxIq6JjVYKtU9sNJLC4fe4qb1Hx0Kie2lttaIonA6wMmjVc8r266IBERo2HxE5rOh6VciatRWCrVMIoqNSiBcNConV1WdaGqJkRXYq1VVSaZWhUT8WRqsEUbZ1ii0JF9KoifFkd6Z0NtVoWhqf8yHoQqsWl58D/xAApEQACAQMCBQUBAQEBAAAAAAAAAREQITEgQVFhobHwcYGRwdEw4UDx/9oACAECAQE/EDP8PQQtE6EOjNjKkVVR0VFTL/g80n+UmFBiq4CGYNqqi0MVG6RYY+H9UoFzGhXaYsseJGOiFoQr5HdiVIm5cRn+7UEzcwzf1E6OqHo5EnM5jyLTGuNK4EQx3EIQ6Kj0RVDu/wDjd0NCyPAh60OipkfCq0QRrggijubmFIhirsOj5itkgim4rv8A42skcxYEMWh0ySIWaMV3/Dcm9ERTePQcJOC7VibEywlqyRYmm1EUGLUTi47DGL+DQnwKfgVzeSa++4tCYY3Cnzh91eFXIlC2jsiSiyhuRepCpsbmBKixRSU0eDc3JvDzrKsPQPukMbOVHSUPJ+5e+evccHF+3+EL4ncdj5y/SSxbL9/F/p7Q18eOBC2LZc6EvYZE3Q9KRWoxO8mwvdxWFqg3Q/s/qf2O5Xa0+t1JF05eD9ewhBYs/mF3kezGtb2SXzd/XUVtS24/mfkROM2a9rXsuvr7xDsdkLd6maHkS1LnoIwxoinBTaZG4taUuCbgu/bHwOi0uK+UMbJ26meY31UCT5hHulK7D90Oxacx8RPaBXNsbbyNHrp1EXo/MGAfEbNzYeXTlSRGymSHt7DyxCNicoirQ55Psy1bQn1S+yXMJt8Oflx1yL7Y0cM+9n0bFnk2vl26DhPdfa+/muBzfrAjL3dzI2IlCGPI80zV6G4xDpsND0V6Nhy+kxWba4R1T+q7RS0cWn0gcqMi864Y4zg8edHzpbw3UR/ZZD5r7X2RZJ7ShLjsjajyPNWtJiN2bnNCEbPZrz4E8i39X3JJh+KfT/zXJFk3vfzvS93wXd/4XtPmS0ZDE2ENB51OjrEuhXvROMiOOSx+dOw3Dtup86DcNc12Hjlo+U13jU1IiSHgZs26LKfG+1v996WRnTYQeR5olGjJVHhCOExE1SWmyu3kGK88lW9YLk3L7Yv4M1xNvV4FokwhWh6DzpRcaMHroYZnG4C2MJ3n1oiU1yG4fOA0pyb6x+PTNm2NRexdf89/gSb2+fwbhQhIeV/pfb9iyFy7NiboeRrjrJN6cxLiTR5Imh2hZFZToR5FTIbkXNff4J7os8jhet4xk0W7jfRW7z8is/mjybmFZ2Eq5IpuzAbsx+BKbHFjtDhboPIhl/hkaFcbfnWDF/kThPnJ+bkQ5RZ5Q922iY4CEuFR8EXGh5gQZfIlGhuw7E0W7MkJS6Va4lCGSGqM5YP8IUBrE3v56OxInYahkEQ5Q0nnz2/PgbIV8HpvAV817InMGXJnJYlDckipI7IilWZdR7kw1tR4FmzG24kuZcH0d+80aFy9v8JrBd6DEhCRMZkTgxajoqwYOiwbjEJM+Hn6YyPjWE1A9XWC1lxXZp9po3ZwePoOzim00nksu41YOwmSTPtE4HcYn0aFoYhYFRCwqPgI0O01z6pr7GmrOl3kjb89hbGPZrzz8GtCy8HA2ISyhxDolkNDS2zI+RuOi0QKiHkkcEzerR5GLNU9mJDWuWeq3516NkHMaUb19l+uH6JDRIGpImzyNGSTo0LL/iqSZQhEolbic1ZDiqYklnkNtE2d/X/c+5OIWSFJLCUL0sNKh7DVA1InI1JA0GXAepUgaEwHdRRqSWs6J7qqZA4Nxv8AXj6G88L/AF9z7DcJzUdn9Dx6h0gSO10cx6Gt1/FKBkMT2dfQTmkk91mkCcESSXGzsL5sWsjsSJonD04ZuapgSpm1Zq1NxOazYqmZpGcDHyvNh8abQxPZ6M0SNKTcVFnQ6nokuqp0nEh/OiQZM6NzkNRWJ0LBOh2FajuJ0kkuqp0ykgdE4ZkxfRk5jVVVj1YE6MTmsl1VPUaKLhqa/rAnR8Uc67iqnR6GlDvqZGhUnTNIEySY0JF6SJj0JwT/AMrqsVYqIelY0PR//8QAKBABAAIBAwMEAwEBAQEAAAAAAQARITFBURBhcYGRobEgwdHw4fEw/9oACAEBAAE/ELAVaIRmiBOxCot1lTaLeAl1rGdoy5xKjLTErBiZHcrTCukFrWYABtrLzDMo9TzXMCS7zDmZFNNf4j1lxEWkuCMBoPWCK4yh1IFeDKCmVdZQMC8yhG8IDmCyIWwilW5K8dINBoxYLowDaESAHtpHzcH3Epq+xNBUNiGWYFTA5MMYWLUyiBsSyHTUKaMwNwKL5mBCSvQgltZhJUGPMWXmXTEsRbozHGFo6zWsDbYhK3WE298pLrJeINXKQ7IeUBLNlLEm0J0S8ukaC7XSUkoAyza0wLtyjhkNP4Sg245ywAOxlgpCcv8ANIVYEyAxLgi1mr2mixS4fPAmHocZSpfdDNs73xNchi9BG+ykxwHYn+RCkG+4hSaLZiwJ9iFsHiI23vLZwk2ziNtIFRtQdmOMHy1gpdgd4Bpd3mFMpMBgiu7aXzpKxOBPgYkR1b7GXLghUl5mG7S47R2mFHYgjqiYiNiWWx4RYXNpgEwYnPLDpCiDFjMhPl/4gZIAB1jniVKVMKheHdhjqKxRtLS7jykq10S0zLi1BG26QFQa3vP1K+md/wDNI6jVM1rB63dpt9WBRCOaFmmIk4Zc1ykpgWl4xPm4U7aAGlH43MzPT1/BFY0xEGZBlCnSJ1amJiKJlHUbTdPiEAcDsy3qjVMi1wZyMmPO0ZyZGfMbSc38MJP/AO0oZolkRNTMy6bCEIgwJccwS5LlobiDWJMYkKOnVRYiIabjxLmEso9pX4SiBRMkRuE5RfGIU7meglsrmXZgLbDCZUHDUPiw18I3ChqcX54O0oAlZVofEo1AXWnozwE4nxiSy9OO1bsXPS/zqV0v/wCCXRcnQjuCiYRxGGZavFxlzarlCRYZUr06/cC41vM3VpcXGXU5kCnpmZg1xccwFVfDEsld6ldbJd4ZcTlM9oEARkoFXzModKmpFmUo6EU10AvKIjA2bsNPxD0I8nE4xb8suLi2iQTiF3LGxmE8iRQUDvoyggPIRJeHY38zeG0qKBWkts0wYamHsRdRLdcdH/41KlSulda6hoo9dkBjn1i5gZprAdPECi8guU4C5xQMeSU0EvTfaE5q2IQjSw9GVjWU9RCyY1jAXotS9XQI+ZkrzRDBTB1iiiapV8zFx8kdIs+pQrEAmv0VHLMaPKBQYiTm4wTaRu8QlBt0svYkoA01jLQRAp2OYCKA0k0A9pqe8JmzUHzARgYDVxW2K9hiMI7Hd61K61+dSpUqVKlSpXRLapllXa3icFGURJ7dLW0idyBsAslKlI6NPYS3uF8JPaD7iwna5m8iB3xSIGAq4C2CBwQWUF3jfvAuIrUZU1zAmBEow16YkUpeVZhgGV8RiutrwIhhQRX0MxyPqXfYkBIgYdh/ZUTUau3iLq3Qogvcih8xNOrKmp4IhMQaxpGbYFvvMOZw4f8Ay06E36Y6o9K6He4lFmSZFlPPaAd4iawgkI39CalGJ2Qy4EoA5NmXw9FbHlNp2N+0VbaHkMdr0gPcNPvEobsChMpTEgLl6NaaoqrUpeJpKmroGE5gIapa3GtYNG5VCUC1wlCuVqzWqOLddXBBAh4ECwKHMWz1oRq+JgUHMEAIHB+2AZ1i9Mr/AMqWlinh/IG5WDxq7yyD+x/GvwqV1qHSpXUU5GkYdRRsiVqn6lGZjhzDJTNhgGl0zbOPMdnC42Bow8wYqCsE9FCJUFfDuSlKRu3aKStKpqYTUCm5eEBlmeVgFWBJa1akdwaRLIfQTXoKoV9ATeIdyWYHWrj9nDtzLWRHDqQjSTbGqwi/cz+2LWgNdHo7QBQvYP0S14HSKxasFXtEi7fBhLIECg6ktmNP4V1OlflXXMplQEwNN4CBMOvmVTMSpUSv1KKdDGheia95cyIqg2Jsyt0MB/cHrIdZbhc5Ps4mRw3NzyRimSzvyRwlUpjWmBrENOEFXasWpsx3csWEpc7jLdSOyoaktxpuczcTAzLCHFRpBXTYARaaivSqtPO0FAaEthoDqcn0hqiBldP5HyYH/fEahLmrtHs7yMB3dJqu0dPLKXCaZEvLKihiiu5HL0DmEv8AG5r0qV36V0qVGIlXvHTTo4YPI08wU/hUVWOjGjKnmZW01OTiKqkIDoHhAz5ezGw7xcCbk5FSpjrUd4aB1t+o43BUkxPQmi5pjLQmVEpZiowoRmshprGfuEoR8OYwpqJqN5m3AGasgVqOI1YiEfGT9w9cha9ql4GK0Z8ssBdatmDgXpmiUeCZhjDwQAeurETRMnCGhswtla/lVfgHSpUqVAjTWV0qC3cZJUzB138yxpplDJK6pKldSJqTVgT4IxCqAb5NSDKGVyXciLBRdhBQNRY9DUzG47xcOLIsTBAuKqivePei7i2rUQ0WYLUjsSoJqRFWkAgOImslU0H0wj6IJLLZiA1VEIQDgE9RhPogc9msEoAYcVCRH3IDJKqoVGFCWCMrpCLFcAVdAuIhu/hXSulQIEqV0qBAtCeoVenSoRUPEAdaOSC/WEXTw4hhSOkNJUqV0qJKsR0lniWbb/YURIClrf26CZ6FbJ8GZNpmp4/BvSIS48EMQhgtU6ZiJUreXAOIwAlTDGzvBu1OlkQNg1XE05lWVgbno68IvGnco+ICDJ3LC8F6QFwEG00i0tbBSKreJRkjMtgtriCGn4pTXQIdV2JXWoHQIJRwp8xKZUDpUVr6JgxIErrSJ03hYiUGxNo5AZuQ5IiqhXnJNUKHJqWY4J2/5DU6UTBah9ItBZcNCJqERsAOBzFcYE2Y0HVNQFXMSa2XTpYaSL0GNVo8wAII5E3jhfyPqHRGG/LKlEJUuyRA4e0MUpe8QN82Jrq3XioYbziYA6EMggXQ5jlPeVAgpPLUZUBgSugQKRmSalQipUqVMUqwjrK6VKqMTowHZLOUfsix/UINJ9BiJOYI0HU4hpuB9wcGBox6F6Lgtu6IvIt2m9BxFaERHl2jKmYlAd5Rr3y4K4A9Jej4LEHCOsUHpkOYdDpvDwDEOO8UUg11Aqs35haQoWlh7dprCIGR1Jm+YKLg3CUupmJoTOhKgLaLqOU8qxMBvNTtDodXBBleCB0r3QK9yVK6B0IQ1mJUrrUqJBiGBgidKIkSJNcUsmKIi23/AKmaOEj9MKthNTiOqS3qQAW17ky3JKS7PEWUWarHqQaXewD9y7VN5SVLF3ZQAwZlwYXQ1sgWdnpFqOsrNaR16Eq3l0ODiNVXuOIqnSwCmmiOiRVA+evozCzTgRBSRUUeJzBE0FDRjmW6e3TY4I5euKekw7jXSokjgdpUqBKlTK44S4EroIvURUqaQb39xLJcIwF+RiUTUiRJUSakgCbeyUawYP75jo8nsxONHhWowaNoMIloaTQEdnaFggRGrDhdop+E95Weip7ZitdAxcXsJrjSBvWDaUIK3AXDuDvHoOT3jFMEzRs3E0hquCXAGNokGp2rEELWMMVKVrEpbEM2XtHNYaHaG0sGhCECOO4vXQ9orrt0JXQ0mYd54QkEiwijKzEi5OGoEqVKlTDDJntmBiYhbEu+scsSkaThm6SokSowGNtOJRWg3CLyJcy3iFgQbNKWQKR7JkA94MCzzjaGgDMe3eaxlj9EdFnh5IpaGx3wdGkNCWs4SZl46HOYD3ngzO3eZkWucxLMDSyNQ19I1SEaMPIVgcjNRKh0FJ6ka/BimPW4YhKIKqqhK7TVeZp0ehCKw4lQIQ6BAlQ4lXD7RUw8I+zLEQAHneChEhRa6AWWvulSpUGUxRp/THbNdI4haE5wsiLCir2dyUB2cSokSVO9sfF5leGT66Pn3a/JGWCLqRhzZ1K8w9orQpNi3uS6a6aHkaRiE2bw7kNpBHSZPmDMqBNCUryS7E0CG4lmu40DiUlRYrSVkIEX3qABBanCSpBZRnTvCBUHfmVBDQdWZlx3IrYtX+ZAgQIECBKlQ4ltPVHwlS9u6XflF5AWWWPMqyZraJHKyAnoMp6gyhKLDfVZ2NnzNIfyATUJMHGghayWPlMfNS1ZKdGJEgZTFvj7l/UZDujP9lRgPROGCxk4oV8zP4ObOPRl5XQ6ZgECBkqEiwtR6AkADS5Rqibkphp4GPWBENuJh1gDuihpKZUVTDe5ECXrUsGdsys5mELW4ITCCsiPMVIDLHwIEVEeBLxBnHN9pVUUXHeFQDW0QhxUxHqQ2SupAhCECBDMCBKlXBZ6yn7dmwJHJTV49ITI08jRlhVlG/n1CYonrDKP2UXinJ7MN0qVDp7Suix5IUrAoXuH/JYv/iJmeRHOMkHRPkqIzozbocysRhrg9mGXsInJUbM0D7msFiAIpeFntAik7B9mDEJt2f0ywBKKsqhZIKMiUmq2loiKJuS1Kx2Oj5gNB7kQZ7vkiqYthkZ5IsgVccsIqKCZMCiNCwkVxnidTwytWBXLlZoYnqLnCnB/ZjENbHiUCUVFNIItxzqHmUNrjvHrqhMoQgdBKgQIKT2iNf8AimmMp6D+QxaSfJs+GbjK+1E3D9gbst4bPWFPJG0jo5wU9rlPbXtT+oFOgh5GoyoL9EFsw3++I0VdPZYBrKNGX7vYi2BgFnc/6IzKBwr6rK++Y7T1a7JiViCJjB7MBv8AipW6snyfxjq1DaMUr0mJMXbplozJZaO79MdVuBZK7OpKdHh0+8dtMiYTeZkrMAxJ7JnDAmnRxqe0BC1eUmRPzkwgBboJeVDVma93WLndIqDhN96gYb23/wCQtV9biI1oTRnE4WcbXduMFDpWvA7k1gjRGJF1qKhoG/w1IdJ0IEqBN5qw3TdxKEFCHtiaW3LxOE6r7H6SVJ/iuHkWjwuj6NMScMHkqCMErXelGvogndl9zH8nDnA9yBZ0DyvzUh8f7suUaUbW4+oUpcSO8yHsWbjDM+/Wm9USpA1CtBblTzpDXDnwFo1GjdqDZcTEGExaLh1X+CG0fpAzaWvl+ZXjARmr2FwRP/MXuREs8r/37lOzMaj02YiF37Xw7wGCXMqXXbrlUwgIbnMe97RL1mFdxdnsy3g7sGX9ENnEe7gc5jtjCL4I27WA8SmHJW3vNKhkDSEVayTP/PWYMbRceB1Im91vl5JrbkshZ0bzaZsBMyOCBAh0Ou0pAyC2r4JTyQCeF6wVFqoaGh1lf23D1TvpniBSAr0UpTg30haM9rJ8480hIwFXSqIecoQsVo43g4Cd2RZUswyzpjIhinQWGSORWF9xpPqVFcSQXgamxZYm1JdrrnhzAYtueeDA7oIRBZUV3L+xIQutdLKRWHsJa2qfNWnuhXmN42VLYa2vWVh0xflQlGi/wnnkJLxFxUhdy5YPiFuoCFlLCbO5MMBouZjqo3MR2iexfzrMY55UGt/8ks3d9D3CXYI9xIt2vQbpyl0dmOhAVpGxYe0yBPmYMq4EzVjblllIfCBat5UETpb5l2RFz0wfAEOHgmgL5GXCwVzKirmK5JuR0nyJtN8dJqhCEGIkbaljmofYuXgLdx5UPrpaAQbK4FQPq6khaSzeif6QXiBKkpkBwrwsCJS5VC3uxpI0oN1TCYTGsXi9uy4wO2JmEGuP6Ywyx/52/UDuBjU0P3HDTlLaLOD8swplYHfWGrdUiIBtjjKgcKyUpRoNsVsJrTLpUBybJoRTIuS2gXKKgQGhZT9QRKrB6X+4MzySka2tEemP1KVd1RJ/jcwKeI7JcIYZdVqQVRMhW8EYXKRoG5tFw+uPXeNg6varPNTxh2jzCP8AWR3rnv3jiC32lLUkA9I5Y0ljg9zrO+7fboDmG24/eKoWh4++LcpV6SxKmpCLhE6Tabo6dBAgYhAxBghpOg9qM5M685IDJrgw8Bq+0/xHPF8kPPsZa5dPUxrFOeO+TJilrwsVhVq9YdgQJKBpB1yQjT08mVnHjaF1TRt6lW/yOJzA3Gr+T3itimsnDvErltT5MTrihpkVDY/HCstql4JZPwqitMHwlbGe58APqZpKjYvQ6V/0/aQhSsB3bvqCmaHichfKX+4uxxckrTf7JUe8Fhoy7nzNOo54JmyFvPMZUo4zZIFggo2YYvM1mz5ngAv1Dg7MxFsoF8zJZo3YxqbjGjuFGDmGuQEK37Z4xC6ZbFY7lcy4+U1zUQ0gy6a4mUzCbdBDSVcFkQrYD1Q/cfNcJ4CFm7xH5bEeIqkMF3uRaCTYe9Dc0juT1pUGkGa4Zo9kL3x3Z4CK7BAI1ekIqYl2O28rYZkm2kNTECVyV26oDFAFKn0H3MXWw9C/sdrcRwjdPFDHBnCgNHI6xAWDf74n+vR4CJ6FHMD6/wBwyjm9BP10LSyhWoHx/wAJcuCObKvWl5cRoEJRLQ3bxcLJLgEi1alwUxCFIVl0pi1VjRO0s4iqu2PTVAvUnnca3/7GpfEveoWZq4IwhAaCBFcNPsYwhteUV+JB7z6JSpjOYraajNzyzZNc0IHwlS+VYNWJa8T4kdJoI6Q6ND5hjbCeiVH6TLNjjE4RYniKisZJi83TGzNRh9lWouRFu6BBfgQhlQoJ8A69ggqj2kL3aXsCEg4cWkF3o8nNRt8GqblkyqXQrorPAx5sD3JSqvK1V+pegxSflG47njtPTHogEzDOELGBKmjppgv2bL9R1H/BX9xAxGKj/XH20P0Ugy+mV80GIcpgBiJSsJyX3iCUtwR0RoREhRtknJE2dwQgwNa9Be76maEYVU6MQKXrDSXLgCX0oH2jy9kuPh/RLKEo6BdOjLKlFssWckpQSkwzVNCaQdJcU3jsv/YmU0JoZoeJzNBNEvbw6Q0to/z2ghWjhj6IoniNEqUaMASX8M14jEcpbvBY9bMGCKRoWr+kCVUyY+75sAVujCqsou1h8kpc8uDQ+CMSE0aWalRFIT2Vq/Va8EJmMMx3fYSy+6hL/wADACvBC4FjPLs9yXM+2If7MxOelX2CMRWoY16xYlVW8QgjaYjtwxTnDDWJiDlgSmfKcPMdh1Ikt8kwhDNTaOiEQb1lx1l0b9DpvNOxKieP1AW56hTEsVAyjShA8IPRmJjB1QdOJfrcsHUsvSMC9y5omlGZiGkp5TvhIf8ABugzLEOzmlOve7gQIkqIi5p0q9faBElShj44p9MAfFF8oX7lRu5usPPfgPDA+gewhY9HSJNG2avDV+mXf/iGVGW0Y7Fte4J9sb9gG25qfc80oYJxyKpsSnRLG95VeiXS9VgLVMRCM9oKZHkq+0NZtFtGGEF5la2tlREjqQxzuBqao2ygWaYxnqplcs7vL+peLlXcJrTGcN4X6mJsmiaDDM5dmvzFoaX0GU7YfhSDKGIKKe4lRRnRyQYiqTFz2ECD/Zu6501IEqVKlQ1DeCLp2ZS38kD9QIepoCxHUZdJC75t/La8JNowYxHKQ2Nzfus7gewAmZ7Mo8v2CwZzQBu5n9p3DL0FZ3hL4TdBDoulxbVtD0S6kyt2jukrGNYrGtyulpNRZQS7xDATUbIHYD8y7NHTR+AQaiIsrYMr+ZWDrLReuJoYsvEFIbveHo1s2RXN5cr3TeYogs7ZW9ZbU1b3uDDDkN97KQ0nqY+mf30WsE8EB9T/AD+t+cC4mIH5JzhVM3Kae8qPRoSpdCPefqLR4ZU6gHpDk7SeQhYTKUQuzjClzkZj4OyZmYXGYFXtLnzEBe00BDi0ojXdggUwwaDBbuyk20+ZlGAsY1OJsD3luW9jdQqgIsTJdDWBHMeMcxA4h77DQwX4oBAZPp1UbmEaCKsTO4LGFZhQf5tSGkw2tTaKuJxm33ILqMmrfR0p6BA2UXg5+ogFH1eDH4SCDMFysQPwr8KjiGOGTQeF5D7GMZohgFFeym8UPyt/uP2mUjx9EzTpUdUaXNUdhLDMtajb5di4y8xqyuDWoiLuxAHCONX3qINQ3NIoANktqCuZY2deI3ars9fAoqFODtLBNMuBzM100E0Ju+YLOxhqMODMdIL8ERvlw9oNh7RUk0EdCXSg7nCmOH1PkhZLGpRpu24gNtApQKRNmHbWRvDn4iEJpBC7aeckSi9GHzPUjAAWIeTH9dYhD8XopCaII8Ev3jvj5/vZjsADdLt6BWEc7qqMvlbYzRHGpA1WuV/AhBA00l3inseGjtNWKaTtNaapjNklJAIRSviALfQFZAnSy5rsyxiolvaJO806wUR8VxKyKJyEDWYqNJ8ToqLlx8RWvmPSGg+oTkmn7RnxobHcHxGW1b2MY5D0XSUCnzMx0z2aoba9ZXV4y1MBNRvZ5i98sogtt3R4JbbYr7OPio49nPZJWxXpPL7uZl2Pwj9yw+R4aPyE0xQh+T0uXHosUcK7EB7Pw+ZkDvM0aXx2vbKK3v0MSIm007rEuG8Y6YixEYx4gwwKDvzMTaHaMriWqxW3L2OZVRqImV6k8QgEL2DGohE4M+BYdkGmk0TxwIOJr+Je/Y/E/aG7dn6QFSlDiAqllNkuXCl2khc1ToOKigy55gmMaCeLTWk4hhWCkGMjwSw7jnBo9paVq5D/AN+4Krq16L+/wwwlwj1YS5fRYosQbSSOwFsZNS47HA9iZj3ncBT4YrSHXqgAvQhMED0k5XAyIwKInx5lV2wEQCgRX+joQNLhN4ZiO09iApS0QszxEdzUjWO8qndPPvGr7BtBUAa0CiYbiBUy6T4J9TRD7EOzs+pqeYuz/wCo2G0dmbYmoho25iBHrjKobEPISkQ4TWYMroYlugNCA25nA4DdONn5hjmx2iH2aR7YCO+X2RaRRQYMNel9L/BYwjN9Ql6tEACCixGxOYpjvMnI63paF28j3BBTOYpQtEPTMFFor7g+UxjIliLLNNRbMNksbxnCOYVG9YrK5Z7ByyqvPCEri2kZLar7x6WFK8Qm0AtiYIoz28xDlhROaaGJZuKe0NIbXiPQYZ03GuNbHxHIYJVrNuoFE3YSgsKTkjZlcvug8xfqX/svmPU6EQm+rS85qOhht9s1EjquDUMieGAqGXYv8gj6x16ooopcGXBlx52p8sIuEe1YtPB2nglYCWPMdBPYllwIY8j7xe/WTS7JR4If3mWrexfY0jlibcXpHsPmU7er62mScJ+I6xhKZUqgTxojHGZKKpineUJqQYTAlnSUOIbJ87X6gNdh1XpDdFcGgeYopg3azFdaNVzUCipPl3iotX/CVsVvhzE1U3VrM2jZtgOkQYVit8/ZFSaMEvS4VTqP7YZrDlYGjVT6macRFXKfmYKM+mYrlmE7eUho/JMuxT46OkOgwzP9HllRFM+Fb+4+4AwwAoua2J5Me0DM4i3qZ+eiWhSWQYMuXHg6a/NYjscUCCfb2MwL0ORy2fFJ2jZ+eCG+WO1QlhT168YlO4HaJFvytHxQPW5nF0Bq5KMRiFUSjsGs1xvFzT7EOjyryCRGNfsTOMRE2xXR5zKShdjAYX4lCbVF1kGe0aotTFTuawluZux0B8RI/szFxSwcHlu9otcRDQRM/ACJMrUcvTVirlDop+iUKbC3F9wi82llIOoxsRjmGtF9HuRo3guZDyV+ehjK35gRXKYYbQancfU71D8TSjOJDZIwHDcxnY97sqbmpcv+4hDo9GuKucH5lCs28Tp8xYYhKMNoKitapFfJWX3PaNg7Jt2MHgEMWFaLE5HeCw6EPUQrSTdXXeJGioP8Gur7y11garSypNLN4ZO9AojL6GEjENbK+C2B9Rz4CoXFjFwNIPHA++ZTSKaRA4mtDmoYlUOUK3tEWEoy0NZWhvllW3aBcVdANyy9rlBW5MeF/kwyXumhe/MtQNWZwFO8SgANd5bOwuO6GqaaP7EX/qhpXK1jdV6QVBqdrH9Q14I3qaQX5QtuAfEuvyflhjN19E9ophUYTll5QjTAR1dEeqBCLczIOWw2H5FhsN7JLUaXvBh96jjSVYUQR2YGfWmUHh4HEsDtDYxQBB3Jn0to+6Z8kRTQXn7tB7Cu8EI1m+MmOiMvoChFFI7xxjqnKOh6CovQyZDPovtbKAxSDtSr2QuDhSzaZEKU6XCntuU3dgUGs10QKWrQarxG6DHALsSzqXjS9ZQrya5yxaY+EpoovQMy00c1cHMSoe55iGSHC/Q/sGBgGAI03tWytwDTY8xVrlsYCJ5loVaxbTEo1YLF4m42YbNuXzDY5PqAX21PmM1yZTuj5g1vmXnay9MSguXed58vIKlDXee8EFFNyAwhCUmwvKHE8OfBEM1WHg/1meKYImG1Y9Zr4wJqtg7JCsKborknfkiwlFxrunlY9ugIiOjhi9ktZr3/AND3mHDxYPf+4Qt22G3qQg6y5cuUxnJUBXKn7NPm5bcYJrtQos5JYCUeNiZYDUWQtAN5nnETQRTlpluC9mXLtMb67L9S1gxsyNQwEOVA2I4tpcZhrm+jtHoYWTtKOuhQGxBybS5tiLljfzLiDglIjAZg3BD5D5mbhQdTmYGC/wCbMHaHLL1oiFNwQ0G/3x8BL5NKfc1AQhrw5IjACqrl1YAxokDK5CMA8MNtTR6MpUhfn4Y7TsZ2Wv3ALoKDtKKasXoi+ARRq96qeSfsgtCgTQbhyE37dTqO49xx0CCByESv8J1IwCMWQ7/OlkNaFk+oIH87UGmPZ0xUXzst9yth7x4XSOgqEWYfYr6itdovTL2l4nAi4DEK2Gs3FZKMIYV3C+eJukcgedpl220YbL2jlpzoEC2bxFxmYgoYLS5blOTjAItq0lYGMiNYBRCKZmRl+5t9CG1oesVlqAKFla7Zmj7D3Yphw9LEyLcfEFrCsapfMMSoBITLAKiRmBO8qEq2qIoGgXHhEyh01ABEQ73SKgWXNxPbJDSYB9QYSeFrwMr3CYnqFxgPcgwgYC+BuuzLKCzMV/fqesUHMGXLiT8uq07vuYe8BaTk3d3VdsO8D0dmIciawt12m8swZYDcpftDgsDWDVB0ah4CGlaxFgxK4WkA2ESgQA7q+os7el7hIraZDBlAOwJSWKq77RcCpTpucdnO8boDw1gdri9bdLnu/wAhWpECfAS0727RdckIIMA2l7JNLZiUX2hQ2rgIYoKNhHfdVystdS6it6AIohFBdRxcwZXKFpRtKP8A9lSniSIFVGkxJQfk/EQDFJyQVup6GYXJRHKWFHxGCyLCMNCQ4wKZCaooO2+/6lfTCgMro9NZZeAT3w/Uoj2sB7FU9D79DRNt7bq0T3N+0S+yuM6+jqeYOYdAhYDIFIlieI8sLQP2T7o8QztYHsdn4AhAYsK3qRiANjLxqfaZOnQcrbffQi4eMqg4XL0qBtTEGryuq92agzJDrOkvVR7XcTMqYnqP5S8dpaIggyxgGa9jtzHLHphsQrWJ8bQQHAn3ZDzUvO8YEyAXRcEcYM3MYM3ARb2acCxysREJaNorLi4lxY9LwGrdCWoa3PiPjEDsXxFt8s4oAxbZ+ITCyvmCBeJ6LcqmoAKzCtSTBASqUgXk+Iwr1I74A1miICoQg9z4Mpdpiz6DAUICkdE4j/AtujhB4bIqiCmkZ21vo+egM1w6Mr0DW0H/AMJcGDCMuhYjEmESx9INdcXB9EE7Ilh9zmKQqA2Xp7EodxcLKsaw12WZKYRiIWk0EzHNEy7n+l3QizWxB7bDzGQ3Xa35fWIbcULxcbjrhbjg9aJbtLLTZYEbwIA0jEHEYuLMlRQyvx80DfiK/EQLtC6RcgpgzNU/KMfBWLVFHMa+HpAmKzFQVHm5YCXXpSgdvNFH2AShFqqfJtlBABbYfUaVCk2F3UcviXE2upqVAUkhbcaqVL0kcpWp0lT0NPkLw9PqMD7IUye9xS5p6uHdbJ4hyH6XDsmZcuXiXL6HoUkz1AjWS92ChFvaNKpjY4YV4DLDMxxowQS6JVVErUgwf8MJbpgXtGtUowjbxnSLdQCJb7TUhVbQRuBYMV5gANBHsx4moQcEY6Rmt1nqzDWO6uc0vBMUky3U08ErLYwgVg1SsApag6LcEqNhKuRTCIukNyXVZrn3vYj2NBc+NoRSA51eIaRIAMTXHo5ZrghWXsmidmCUkCwn7dnE0+jXIgR9ZpoBd79nVXKuV8zlPDZ69Llwhhheksj5aus33Uqtq/JL9SqII0uJooe9SzRR2l4UHaMlLlLVuKgQNRmFV0SL3b7GZNMs51X4hdi0M9pcWhay7wu0aNb7TScH8vR8iGjoxIMulTcsy3Xfji5lTrI0BLgboYxKRTVxA8YVEHYj65AxDa44RsNYSvCqI2rfO5mWAuxMK5GX6E9n3N3kgsWx06pB6oaBEfJxBaAjqMVqHGYXe6ndFqLDWF4Gozuyi8d1HK/CGMcb1AvRqUvtNGX0+NGasn1sOHJ0aTIYYj2Xw6Ty6kxlMlxTbxFqXjWr/byzTNn0L5DMowIpsqEle5AWZu0BZSoTRJRdSUOJozItX7UrMQktZtmXGniLuCfEIQXLv9uXTNF3l46PCNdoc5bfv0kVKRHEWjrUwjkjBUppvFh7JilYGJxhlqismsUFlhvJEL/oz7roJUXyPYw+SaozA58D+odKuEIlWTSOGGtIdxcbxC2o/YdzxrODE/JD7Z34dB0VOPTcBU+tH0lSEzYS8n8lQy2ie9y7MUSksFo13D9niWm2nbyxYoNApe0tn+6xe86bA4ZZY2Nx4YQJFhr/ACakwIErCbhP3LGsMzzRlplJcXtsFNtr8wBSVgwCaQ3eoviUgksfL/KdiCvIhW9pUSCHOD5zEUlOSIbzvS5GzMD0DPRUtBYb9WIGI5DhlK1pDSEiXmUArMpQXE/8gRq+/QQlTDDZCxmZWut9jn7ln+066QYStr3SkBsux0R5HZlUFDsWHgxnWDVwrYcj0ScoF9nq1X7FiOUDlh42oFieJbedzeg6xi1J1YNr76QqtI7zr6G5pFS+54O8Oph6Teri9L3zCBSgxU1iXjZQ4gAQRLE3mmUd7cHwMfCe06HhR7XCCX/1FV8whwex8TT0i7ciIuXBbnLrVgpGwjoZc2gLFioS35WbZXqhFaK8wA0BPISvEbQFcWjREt4pvLcy0uAUBrNxjjQRY0FTUm10mEd4EJTVIlNGJRFGdGAsOnVnmZpgEOghrDraL2ZjwbzsS7r4H8CEt50hvK4pdVVx3Xu+GYgGGE/A2+pbvCDmWbkNgTMt0yHqEJbRWI5HZjObboi5RBFeliZaQs5VcQmMVGbNB2F+tzPEyVFlViOtGRBope5PJ/IUgf8AAKlS+ta96k08Lmvife5kPmp/KZPUhmQMWfuEtaVmx+ksW1KgaEEc7dPTtf1SuyB1rj1v8S+l6hhRYWGYlKJzQoHELdy3b3gKUzVTDOPWI0lTBLHEFRfQ6sOZTWjcZG4bFizk5gwhkh+Doj87dzhjDbxzP+N4Ik06HRXySwsZ4XCw4NztFAAZT6y38ayyEXC5wPY+xphggosTcgy4otvIe2sPBfslNvUQFHzKENGWF7nRvCKI2JsyhWaJ359ZczH2nu4eR3JlmfdOTs7RY9oFmuUMp3WPaIhM0E9Rl+1zQWP+QbgIc/6IWS2cPr7FM2vLQ+1SFURSyZJjZDD0eqy/yQmTSO2YPATMNDFwwdIX0EXBddSowSrCBFCeLTjxGDLrX6lKOWwRASuPlfKWHmKDcHrUq8QKA1NAfHDGxAopCke/4u8S0sghaiWFK5HZguLU3Bw4H2O8FIdpp24lJG15C1fP0PSXFipUSnAaxtqvC91D2CWJn6LX6laH1jqej0GFy1JNJA7B2MuUgK64by/UdDLUdVuPeL0IkvULJkKLdU9NR63E26R6+HRJ7sPfcll/6SRmZVNtfsNC1L8r7hEchxnvEULETtEj0uP5trTMkGQCvARqHTjeEHaFxC4gOJQLaqCA5/8ABsbQlc1PL6Br8xTIQpEsYL7ibHq28aRdOyOvQ/ZB4g8w/BJZGEws+HknbOE0HJDrcZYl2bjYETCO8v5odA9vo1IFOrWwQ8Go89n8YeGcYzS+bkW6fi4SSnR6MdW65vfKDax8sMc5IbJfTIea27cPWDLjM10769+YSUBYm5FjGAasGviMTo0VtKhPJPiPLOY6Pk0YN7iOiaMwfyehKiilNw1FEpYEIbZgnM5s5MZHGs9jh3ZXIBQGxBg8oMTWA9RzFBlyRmRSdmWKCH+ge5NFiyWMUGXB6Mc3DR3HknxVF/1+NiyXy6LQbhWv4/Bhu0z0RNBskXm13auE9RT69DktgHd/0lO/1EMdqrO1B9wXbBR2ZuSz7mz7RIbOGXMjvzxM4bXdwy5UIljzEHWbbu3/AJlxixYxYuhjAaR8p/imKKjATb894dLHTp7sFMk1QkwDQ97magt8huxFxV9HWa6+GOQ1Qk4vMPLEIoMGEcVbNPuGz3IV9LVPctyEDcIPRh59cMqaqP8Am9/wuWGyeqmCGG6I1Pgb/cuggmQPK3Es5x0NxFst86vVZZ3bviUIVcuNP3PqK5RD7HZiyzw6XNb/AFHJuR7rKyLLoqdE1WyTFUwdjYeZcZcWOehjFKFFG2b8kqDhfoxGW6JWJUqVNcdyOvS8t0AhjSDFJg6nyfyAikwv6ODpQjHfaDCmdBZ8VmJJT6Vq2Clpg2mBqRQYMJiUGQwnI7MXGPinPYf3DAqx0SKa9WAyFSM3yrx9mPS5ZcobJW79AKtO3pDcZeMeG/H/AIGUcINzLaloKMzQqfEsqLC+PDNZ2gh4dpTLro9AhcUzhnv/AA36FmDpn7G68y2kvCtVuMuLFFjHoZjDS9kzQVjsmFaUaj9QIgg1HrU3i9K/AgZdan2H9hA6PuEIDLQLZWQvdegRyJNRLJoBOfHo7QYANdz+wyn/ACDBgwYgggjqO8WuuWq9/b2g5dMkGDNejBhCpHeZ/uxu7H+xj03iKyClwhCArUYaUcaR4f8A0INoHJZ+0Lp+iy+lyu1BXjj5KjWJaDZ1e33A8KBaYCfTGXW46E1K+Ytpsd3DLjLLswTZ2/qAQpwxhbixYoxjDT+qdmXeYGkDTv2lIolJqO006Mr8VdNIy3WtHt3hGMuq8sHqfmAfWBpgKIQlUA4Yugt1K2RHhgwYMGDKABZTH8e6KrEUal4SDBly4wAwqR0YuFf1fPt3msrPVFZK0IsgLdIQnubckQ6ljQjuIQe5lyXycnhxC+BFpHZNpgvmdxWSOY6TBEuDM8NY4EQqysYsIwWJSO8c1XUft+ui4uYsWMegjFopI0ttaHnYxlejHU4RXkjDoy+jds0ZJ4qQ3XiCvLne3aEIMGLvweXSDCEGDBhAwgYMGKRhVex/xnaEqYeqX7O8BBl9RYiCO0uspofI7TePWhslhZBhGTgWWV/RyQrRWVgmg0emOB3O+pEvQHJXhncBrxGDfpcGZIy4eX8hDGlQ5E1HZIlVzdmwixlxjHWMYazT3KHAOdmX6CL6eWjjvHovW7g3RWrQBau0WBVhbeKh0JZ6TMNUfTQhrCXB6DNEVlNO9zF5fOIQMGDLf+Sw8kRu/jv3OSDiXLl9AIiWOoxnK1qc/wCdHq6zpLCDBuPjsh5X9HJBtHYWJLz/AMUzDuCjDYkcPQmCnSLb4cPCXfSwVZHzyuzDBU6JqtxlxlxYsYsPRSUx3eVv1FHe19YJUumSYA1afyVHpcPMI6PlyN0ABRCEJcXfhTywx9AEGDB6D0uVdh8zzHb5NMejtGKqGrqd4MGXEAFyF2lIRcuXLhMArCMTWUw/R6MGXLXaDLl4mfA2eV/RyRqUKUsSsTc5H3Hoa8pc1S4i27VjBIwMDhl3GJQZYDj9iGCWJY8xYsWMejP/AG1bMBxjRGrEJl6RkDJE6ioILwvDmCOgdR6XmdqGfppBgwYMJcHrdZ53OZcSqNEfp5JZDC2NO4gMGEYYR51QytJgHZ7nZh0LlxYGQFIwm21Tjsx/Clp0jUXLlQFU5+whlZH94sWZfgMGooDOgckIkFFiRY5M6Rtty2uUX0uL0uMJ3ffiILoYO8DtrfUjLyuprGJKhKvQ5jW59bodCEZ28IfSCQhmEHreIMYyDZ/hIAscQjTeMiajyRaL8H/uEDBlIGutE5dmO2lVvVcQZcuLGpXQFJPs0Ps94n4UYWWRZctqXgMdcio6x0wQgJLmZHy18PEGLHp4d9x5naHPc2YuJf4MYlqd3zB4zXv0AiRGNtuvgTTodCHQXNBcW3yPWEJpBgwYPS5cYiTxqP2QhY4hMZEaj3u/h5hAy4VKyr4zzxEhv4O0GXFjUZcCJq8HPE/serNll2xZfxly4zUg1H0MVljFw07M9IA/cuLBUb2PcIydhZ1WX0XiVEjvvHrljU6EzDodB6XMqtWQKANoPQeoy5fQ6JLTQbzb/qWKIg1HUgBTEQmHoP7FBlwhS5x27P3BYlFibwi5cYsYDhyJqPJG2sZHYcxi9b8OvR0+OjF/AuX0IZdhyRk7CyXFmXur7XclxY9GPTFdmYrLyRjLrhiZhD8DoeyLBpLh0JcGXBgy4MdMdBbMGg/cFH4OHxBhmkyJszbrW794MIW4sLr47v5DCDmXLixeZpfGQ1GNxoez3ldF6Xa6xcZcXpq/KpnPPh4ZcuArw6jw8x6scQ79bj1BDmXqdTEYy3xkmCkfxOmXYK6HQZfUYQZcGXL6VWs+ol6T+43YqGRII0DU58QbgwCrCk5lzV3b2PJBly+ixlBcHPBAKTUIy5cGmDZZcWX+e45mBWy9+8uXExd8MGP4MYFLvmOnRlonU/FWiX+BLlw6XLly4PRcFiCx1GWgu7vPEWljcYRNcfpYQMLOpaGqiMGj73PjouLMukWMG4o1n6gUhQwjtHoTBuDcvpoly/yXadPCWAnRLmGH8mahj0ZXQ6X1ZqwYQ/AYMvrcuD1vo41bnHlGqrO4xGJehNTzBuXOEoT4IrdrJLiwgbitjGVasDJw6VK6DUuX/wDG1lljOjxB6ciDj8XoOj+RpCPWS4MHqdLgwzLh0tJcYuYhpkLHchkXvEPbFRLYsenmFe8uWy0VlosYBTVbepGaempD8Ll9CK/VcHEJcWWEZc2jGDFl9P/Z', NULL);

--
-- Índices para tabelas despejadas
--

--
-- Índices de tabela `chats`
--
ALTER TABLE `chats`
  ADD PRIMARY KEY (`id`);

--
-- Índices de tabela `chat_members`
--
ALTER TABLE `chat_members`
  ADD PRIMARY KEY (`id`),
  ADD KEY `chat_id` (`chat_id`),
  ADD KEY `user_id` (`user_id`);

--
-- Índices de tabela `friends`
--
ALTER TABLE `friends`
  ADD PRIMARY KEY (`id`),
  ADD KEY `fk_user` (`user_id`),
  ADD KEY `fk_friend` (`friend_id`);

--
-- Índices de tabela `messages`
--
ALTER TABLE `messages`
  ADD PRIMARY KEY (`id`),
  ADD KEY `chat_id` (`chat_id`),
  ADD KEY `sender_id` (`sender_id`);

--
-- Índices de tabela `users`
--
ALTER TABLE `users`
  ADD PRIMARY KEY (`id`),
  ADD UNIQUE KEY `email` (`email`);

--
-- AUTO_INCREMENT para tabelas despejadas
--

--
-- AUTO_INCREMENT de tabela `chats`
--
ALTER TABLE `chats`
  MODIFY `id` int(11) NOT NULL AUTO_INCREMENT, AUTO_INCREMENT=18;

--
-- AUTO_INCREMENT de tabela `chat_members`
--
ALTER TABLE `chat_members`
  MODIFY `id` int(11) NOT NULL AUTO_INCREMENT, AUTO_INCREMENT=35;

--
-- AUTO_INCREMENT de tabela `friends`
--
ALTER TABLE `friends`
  MODIFY `id` int(11) NOT NULL AUTO_INCREMENT, AUTO_INCREMENT=7;

--
-- AUTO_INCREMENT de tabela `messages`
--
ALTER TABLE `messages`
  MODIFY `id` int(11) NOT NULL AUTO_INCREMENT, AUTO_INCREMENT=55;

--
-- AUTO_INCREMENT de tabela `users`
--
ALTER TABLE `users`
  MODIFY `id` int(11) NOT NULL AUTO_INCREMENT, AUTO_INCREMENT=4;

--
-- Restrições para tabelas despejadas
--

--
-- Restrições para tabelas `chat_members`
--
ALTER TABLE `chat_members`
  ADD CONSTRAINT `chat_members_ibfk_1` FOREIGN KEY (`chat_id`) REFERENCES `chats` (`id`) ON DELETE CASCADE,
  ADD CONSTRAINT `chat_members_ibfk_2` FOREIGN KEY (`user_id`) REFERENCES `users` (`id`) ON DELETE CASCADE;

--
-- Restrições para tabelas `friends`
--
ALTER TABLE `friends`
  ADD CONSTRAINT `fk_friend` FOREIGN KEY (`friend_id`) REFERENCES `users` (`id`) ON DELETE CASCADE,
  ADD CONSTRAINT `fk_user` FOREIGN KEY (`user_id`) REFERENCES `users` (`id`) ON DELETE CASCADE;

--
-- Restrições para tabelas `messages`
--
ALTER TABLE `messages`
  ADD CONSTRAINT `messages_ibfk_1` FOREIGN KEY (`chat_id`) REFERENCES `chats` (`id`) ON DELETE CASCADE,
  ADD CONSTRAINT `messages_ibfk_2` FOREIGN KEY (`sender_id`) REFERENCES `users` (`id`) ON DELETE CASCADE;
COMMIT;

/*!40101 SET CHARACTER_SET_CLIENT=@OLD_CHARACTER_SET_CLIENT */;
/*!40101 SET CHARACTER_SET_RESULTS=@OLD_CHARACTER_SET_RESULTS */;
/*!40101 SET COLLATION_CONNECTION=@OLD_COLLATION_CONNECTION */;
